State,State ANSI,County,County ANSI,,Data Item,Value
ALABAMA,1,MACON,87,,MEASURED IN LB,0
ALABAMA,1,MACON,87,,"SUNFLOWER, NON-OIL TYPE - PRODUCTION, MEASURED IN LB",0
ALABAMA,1,LAUDERDALE,77,,MEASURED IN LB,"27,600"
ALABAMA,1,LAUDERDALE,77,,"SUNFLOWER, OIL TYPE - PRODUCTION, MEASURED IN LB","27,600"
ALABAMA,1,CHILTON,21,,MEASURED IN LB,0
ALABAMA,1,CHILTON,21,,"SUNFLOWER, NON-OIL TYPE - PRODUCTION, MEASURED IN LB",0
ALABAMA,1,RANDOLPH,111,,MEASURED IN LB,"3,600"
ALABAMA,1,RANDOLPH,111,,"SUNFLOWER, OIL TYPE - PRODUCTION, MEASURED IN LB","3,600"
ALABAMA,1,GENEVA,61,,MEASURED IN LB,0
ALABAMA,1,GENEVA,61,,"SUNFLOWER, NON-OIL TYPE - PRODUCTION, MEASURED IN LB",0
ARKANSAS,5,SAINT FRANCIS,123,,MEASURED IN LB,0
ARKANSAS,5,SAINT FRANCIS,123,,"SUNFLOWER, OIL TYPE - PRODUCTION, MEASURED IN LB",0
CALIFORNIA,6,SAN LUIS OBISPO,79,,MEASURED IN LB,0
CALIFORNIA,6,SAN LUIS OBISPO,79,,"SUNFLOWER, NON-OIL TYPE - PRODUCTION, MEASURED IN LB",0
CALIFORNIA,6,SAN MATEO,81,,MEASURED IN LB,0
CALIFORNIA,6,SAN MATEO,81,,"SUNFLOWER, NON-OIL TYPE - PRODUCTION, MEASURED IN LB",0
CALIFORNIA,6,SAN MATEO,81,,"SUNFLOWER, OIL TYPE - PRODUCTION, MEASURED IN LB",0
CALIFORNIA,6,SONOMA,97,,MEASURED IN LB,0
CALIFORNIA,6,SONOMA,97,,"SUNFLOWER, NON-OIL TYPE - PRODUCTION, MEASURED IN LB",0
CALIFORNIA,6,BUTTE,7,,MEASURED IN LB,"991,180"
CALIFORNIA,6,BUTTE,7,,"SUNFLOWER, OIL TYPE - PRODUCTION, MEASURED IN LB","991,180"
CALIFORNIA,6,COLUSA,11,,MEASURED IN LB,"7,724,327"
CALIFORNIA,6,COLUSA,11,,"SUNFLOWER, NON-OIL TYPE - PRODUCTION, MEASURED IN LB","309,388"
CALIFORNIA,6,COLUSA,11,,"SUNFLOWER, OIL TYPE - PRODUCTION, MEASURED IN LB","7,414,939"
CALIFORNIA,6,GLENN,21,,MEASURED IN LB,"1,917,596"
CALIFORNIA,6,GLENN,21,,"SUNFLOWER, NON-OIL TYPE - PRODUCTION, MEASURED IN LB",0
CALIFORNIA,6,GLENN,21,,"SUNFLOWER, OIL TYPE - PRODUCTION, MEASURED IN LB",0
CALIFORNIA,6,SACRAMENTO,67,,MEASURED IN LB,0
CALIFORNIA,6,SACRAMENTO,67,,"SUNFLOWER, NON-OIL TYPE - PRODUCTION, MEASURED IN LB",0
CALIFORNIA,6,SACRAMENTO,67,,"SUNFLOWER, OIL TYPE - PRODUCTION, MEASURED IN LB",0
CALIFORNIA,6,SOLANO,95,,MEASURED IN LB,"9,931,182"
CALIFORNIA,6,SOLANO,95,,"SUNFLOWER, OIL TYPE - PRODUCTION, MEASURED IN LB","9,931,182"
CALIFORNIA,6,SUTTER,101,,MEASURED IN LB,"7,544,115"
CALIFORNIA,6,SUTTER,101,,"SUNFLOWER, NON-OIL TYPE - PRODUCTION, MEASURED IN LB",0
CALIFORNIA,6,SUTTER,101,,"SUNFLOWER, OIL TYPE - PRODUCTION, MEASURED IN LB",0
CALIFORNIA,6,TEHAMA,103,,MEASURED IN LB,0
CALIFORNIA,6,TEHAMA,103,,"SUNFLOWER, OIL TYPE - PRODUCTION, MEASURED IN LB",0
CALIFORNIA,6,YOLO,113,,MEASURED IN LB,"17,381,414"
CALIFORNIA,6,YOLO,113,,"SUNFLOWER, NON-OIL TYPE - PRODUCTION, MEASURED IN LB",0
CALIFORNIA,6,YOLO,113,,"SUNFLOWER, OIL TYPE - PRODUCTION, MEASURED IN LB",0
CALIFORNIA,6,YUBA,115,,MEASURED IN LB,0
CALIFORNIA,6,YUBA,115,,"SUNFLOWER, OIL TYPE - PRODUCTION, MEASURED IN LB",0
CALIFORNIA,6,KINGS,31,,MEASURED IN LB,0
CALIFORNIA,6,KINGS,31,,"SUNFLOWER, OIL TYPE - PRODUCTION, MEASURED IN LB",0
CALIFORNIA,6,MERCED,47,,MEASURED IN LB,0
CALIFORNIA,6,MERCED,47,,"SUNFLOWER, OIL TYPE - PRODUCTION, MEASURED IN LB",0
CALIFORNIA,6,SAN JOAQUIN,77,,MEASURED IN LB,"2,887,008"
CALIFORNIA,6,SAN JOAQUIN,77,,"SUNFLOWER, OIL TYPE - PRODUCTION, MEASURED IN LB","2,887,008"
CALIFORNIA,6,IMPERIAL,25,,MEASURED IN LB,"470,058"
CALIFORNIA,6,IMPERIAL,25,,"SUNFLOWER, OIL TYPE - PRODUCTION, MEASURED IN LB","470,058"
CALIFORNIA,6,LOS ANGELES,37,,MEASURED IN LB,0
CALIFORNIA,6,LOS ANGELES,37,,"SUNFLOWER, NON-OIL TYPE - PRODUCTION, MEASURED IN LB",0
COLORADO,8,ADAMS,1,,MEASURED IN LB,"6,213,176"
COLORADO,8,ADAMS,1,,"SUNFLOWER, NON-OIL TYPE - PRODUCTION, MEASURED IN LB","3,083,578"
COLORADO,8,ADAMS,1,,"SUNFLOWER, OIL TYPE - PRODUCTION, MEASURED IN LB","3,129,598"
COLORADO,8,ARAPAHOE,5,,MEASURED IN LB,0
COLORADO,8,ARAPAHOE,5,,"SUNFLOWER, OIL TYPE - PRODUCTION, MEASURED IN LB",0
COLORADO,8,CHEYENNE,17,,MEASURED IN LB,"4,184,000"
COLORADO,8,CHEYENNE,17,,"SUNFLOWER, NON-OIL TYPE - PRODUCTION, MEASURED IN LB","1,868,000"
COLORADO,8,CHEYENNE,17,,"SUNFLOWER, OIL TYPE - PRODUCTION, MEASURED IN LB","2,316,000"
COLORADO,8,DOUGLAS,35,,MEASURED IN LB,0
COLORADO,8,DOUGLAS,35,,"SUNFLOWER, OIL TYPE - PRODUCTION, MEASURED IN LB",0
COLORADO,8,ELBERT,39,,MEASURED IN LB,0
COLORADO,8,ELBERT,39,,"SUNFLOWER, OIL TYPE - PRODUCTION, MEASURED IN LB",0
COLORADO,8,KIOWA,61,,MEASURED IN LB,"18,439,447"
COLORADO,8,KIOWA,61,,"SUNFLOWER, OIL TYPE - PRODUCTION, MEASURED IN LB","18,439,447"
COLORADO,8,KIT CARSON,63,,MEASURED IN LB,"11,377,260"
COLORADO,8,KIT CARSON,63,,"SUNFLOWER, NON-OIL TYPE - PRODUCTION, MEASURED IN LB",0
COLORADO,8,KIT CARSON,63,,"SUNFLOWER, OIL TYPE - PRODUCTION, MEASURED IN LB",0
COLORADO,8,LINCOLN,73,,MEASURED IN LB,"9,305,492"
COLORADO,8,LINCOLN,73,,"SUNFLOWER, NON-OIL TYPE - PRODUCTION, MEASURED IN LB","1,166,880"
COLORADO,8,LINCOLN,73,,"SUNFLOWER, OIL TYPE - PRODUCTION, MEASURED IN LB","8,138,612"
COLORADO,8,PHILLIPS,95,,MEASURED IN LB,0
COLORADO,8,PHILLIPS,95,,"SUNFLOWER, OIL TYPE - PRODUCTION, MEASURED IN LB",0
COLORADO,8,WASHINGTON,121,,MEASURED IN LB,"1,191,241"
COLORADO,8,WASHINGTON,121,,"SUNFLOWER, NON-OIL TYPE - PRODUCTION, MEASURED IN LB","1,500"
COLORADO,8,WASHINGTON,121,,"SUNFLOWER, OIL TYPE - PRODUCTION, MEASURED IN LB","1,189,741"
COLORADO,8,YUMA,125,,MEASURED IN LB,"3,237,194"
COLORADO,8,YUMA,125,,"SUNFLOWER, NON-OIL TYPE - PRODUCTION, MEASURED IN LB","780,000"
COLORADO,8,YUMA,125,,"SUNFLOWER, OIL TYPE - PRODUCTION, MEASURED IN LB","2,457,194"
COLORADO,8,BOULDER,13,,MEASURED IN LB,0
COLORADO,8,BOULDER,13,,"SUNFLOWER, OIL TYPE - PRODUCTION, MEASURED IN LB",0
COLORADO,8,LOGAN,75,,MEASURED IN LB,"5,515,092"
COLORADO,8,LOGAN,75,,"SUNFLOWER, OIL TYPE - PRODUCTION, MEASURED IN LB","5,515,092"
COLORADO,8,SEDGWICK,115,,MEASURED IN LB,"7,093,700"
COLORADO,8,SEDGWICK,115,,"SUNFLOWER, NON-OIL TYPE - PRODUCTION, MEASURED IN LB","729,600"
COLORADO,8,SEDGWICK,115,,"SUNFLOWER, OIL TYPE - PRODUCTION, MEASURED IN LB","6,364,100"
COLORADO,8,WELD,123,,MEASURED IN LB,"2,437,616"
COLORADO,8,WELD,123,,"SUNFLOWER, NON-OIL TYPE - PRODUCTION, MEASURED IN LB",0
COLORADO,8,WELD,123,,"SUNFLOWER, OIL TYPE - PRODUCTION, MEASURED IN LB",0
COLORADO,8,BACA,9,,MEASURED IN LB,"3,172,492"
COLORADO,8,BACA,9,,"SUNFLOWER, OIL TYPE - PRODUCTION, MEASURED IN LB","3,172,492"
COLORADO,8,BENT,11,,MEASURED IN LB,"219,450"
COLORADO,8,BENT,11,,"SUNFLOWER, OIL TYPE - PRODUCTION, MEASURED IN LB","219,450"
COLORADO,8,PROWERS,99,,MEASURED IN LB,"2,407,642"
COLORADO,8,PROWERS,99,,"SUNFLOWER, NON-OIL TYPE - PRODUCTION, MEASURED IN LB",0
COLORADO,8,PROWERS,99,,"SUNFLOWER, OIL TYPE - PRODUCTION, MEASURED IN LB",0
COLORADO,8,DELTA,29,,MEASURED IN LB,0
COLORADO,8,DELTA,29,,"SUNFLOWER, OIL TYPE - PRODUCTION, MEASURED IN LB",0
COLORADO,8,DOLORES,33,,MEASURED IN LB,0
COLORADO,8,DOLORES,33,,"SUNFLOWER, OIL TYPE - PRODUCTION, MEASURED IN LB",0
COLORADO,8,MESA,77,,MEASURED IN LB,0
COLORADO,8,MESA,77,,"SUNFLOWER, OIL TYPE - PRODUCTION, MEASURED IN LB",0
COLORADO,8,MONTEZUMA,83,,MEASURED IN LB,0
COLORADO,8,MONTEZUMA,83,,"SUNFLOWER, OIL TYPE - PRODUCTION, MEASURED IN LB",0
COLORADO,8,MONTROSE,85,,MEASURED IN LB,0
COLORADO,8,MONTROSE,85,,"SUNFLOWER, OIL TYPE - PRODUCTION, MEASURED IN LB",0
CONNECTICUT,9,HARTFORD,3,,MEASURED IN LB,0
CONNECTICUT,9,HARTFORD,3,,"SUNFLOWER, OIL TYPE - PRODUCTION, MEASURED IN LB",0
DELAWARE,10,KENT,1,,MEASURED IN LB,0
DELAWARE,10,KENT,1,,"SUNFLOWER, OIL TYPE - PRODUCTION, MEASURED IN LB",0
FLORIDA,12,ALACHUA,1,,MEASURED IN LB,0
FLORIDA,12,ALACHUA,1,,"SUNFLOWER, OIL TYPE - PRODUCTION, MEASURED IN LB",0
FLORIDA,12,HILLSBOROUGH,57,,MEASURED IN LB,600
FLORIDA,12,HILLSBOROUGH,57,,"SUNFLOWER, OIL TYPE - PRODUCTION, MEASURED IN LB",600
FLORIDA,12,PUTNAM,107,,MEASURED IN LB,0
FLORIDA,12,PUTNAM,107,,"SUNFLOWER, OIL TYPE - PRODUCTION, MEASURED IN LB",0
GEORGIA,13,CRAWFORD,79,,MEASURED IN LB,0
GEORGIA,13,CRAWFORD,79,,"SUNFLOWER, OIL TYPE - PRODUCTION, MEASURED IN LB",0
GEORGIA,13,DODGE,91,,MEASURED IN LB,0
GEORGIA,13,DODGE,91,,"SUNFLOWER, NON-OIL TYPE - PRODUCTION, MEASURED IN LB",0
GEORGIA,13,HOUSTON,153,,MEASURED IN LB,0
GEORGIA,13,HOUSTON,153,,"SUNFLOWER, OIL TYPE - PRODUCTION, MEASURED IN LB",0
GEORGIA,13,JASPER,159,,MEASURED IN LB,0
GEORGIA,13,JASPER,159,,"SUNFLOWER, OIL TYPE - PRODUCTION, MEASURED IN LB",0
GEORGIA,13,LAURENS,175,,MEASURED IN LB,0
GEORGIA,13,LAURENS,175,,"SUNFLOWER, OIL TYPE - PRODUCTION, MEASURED IN LB",0
GEORGIA,13,MONTGOMERY,209,,MEASURED IN LB,"4,500"
GEORGIA,13,MONTGOMERY,209,,"SUNFLOWER, NON-OIL TYPE - PRODUCTION, MEASURED IN LB","4,500"
GEORGIA,13,PEACH,225,,MEASURED IN LB,0
GEORGIA,13,PEACH,225,,"SUNFLOWER, OIL TYPE - PRODUCTION, MEASURED IN LB",0
GEORGIA,13,PULASKI,235,,MEASURED IN LB,"41,600"
GEORGIA,13,PULASKI,235,,"SUNFLOWER, OIL TYPE - PRODUCTION, MEASURED IN LB","41,600"
GEORGIA,13,PUTNAM,237,,MEASURED IN LB,"1,800"
GEORGIA,13,PUTNAM,237,,"SUNFLOWER, OIL TYPE - PRODUCTION, MEASURED IN LB","1,800"
GEORGIA,13,WHEELER,309,,MEASURED IN LB,"5,400"
GEORGIA,13,WHEELER,309,,"SUNFLOWER, OIL TYPE - PRODUCTION, MEASURED IN LB","5,400"
GEORGIA,13,MCDUFFIE,189,,MEASURED IN LB,0
GEORGIA,13,MCDUFFIE,189,,"SUNFLOWER, OIL TYPE - PRODUCTION, MEASURED IN LB",0
GEORGIA,13,FANNIN,111,,MEASURED IN LB,0
GEORGIA,13,FANNIN,111,,"SUNFLOWER, NON-OIL TYPE - PRODUCTION, MEASURED IN LB",0
GEORGIA,13,JACKSON,157,,MEASURED IN LB,"7,500"
GEORGIA,13,JACKSON,157,,"SUNFLOWER, OIL TYPE - PRODUCTION, MEASURED IN LB","7,500"
GEORGIA,13,TOWNS,281,,MEASURED IN LB,0
GEORGIA,13,TOWNS,281,,"SUNFLOWER, OIL TYPE - PRODUCTION, MEASURED IN LB",0
GEORGIA,13,WALTON,297,,MEASURED IN LB,0
GEORGIA,13,WALTON,297,,"SUNFLOWER, NON-OIL TYPE - PRODUCTION, MEASURED IN LB",0
GEORGIA,13,FLOYD,115,,MEASURED IN LB,0
GEORGIA,13,FLOYD,115,,"SUNFLOWER, NON-OIL TYPE - PRODUCTION, MEASURED IN LB",0
GEORGIA,13,GORDON,129,,MEASURED IN LB,0
GEORGIA,13,GORDON,129,,"SUNFLOWER, OIL TYPE - PRODUCTION, MEASURED IN LB",0
GEORGIA,13,POLK,233,,MEASURED IN LB,"3,602"
GEORGIA,13,POLK,233,,"SUNFLOWER, OIL TYPE - PRODUCTION, MEASURED IN LB","3,602"
GEORGIA,13,WALKER,295,,MEASURED IN LB,0
GEORGIA,13,WALKER,295,,"SUNFLOWER, OIL TYPE - PRODUCTION, MEASURED IN LB",0
GEORGIA,13,COFFEE,69,,MEASURED IN LB,0
GEORGIA,13,COFFEE,69,,"SUNFLOWER, OIL TYPE - PRODUCTION, MEASURED IN LB",0
GEORGIA,13,CRISP,81,,MEASURED IN LB,"1,500"
GEORGIA,13,CRISP,81,,"SUNFLOWER, NON-OIL TYPE - PRODUCTION, MEASURED IN LB","1,500"
GEORGIA,13,DOOLY,93,,MEASURED IN LB,0
GEORGIA,13,DOOLY,93,,"SUNFLOWER, NON-OIL TYPE - PRODUCTION, MEASURED IN LB",0
GEORGIA,13,LOWNDES,185,,MEASURED IN LB,0
GEORGIA,13,LOWNDES,185,,"SUNFLOWER, NON-OIL TYPE - PRODUCTION, MEASURED IN LB",0
GEORGIA,13,WILCOX,315,,MEASURED IN LB,0
GEORGIA,13,WILCOX,315,,"SUNFLOWER, NON-OIL TYPE - PRODUCTION, MEASURED IN LB",0
GEORGIA,13,WILCOX,315,,"SUNFLOWER, OIL TYPE - PRODUCTION, MEASURED IN LB",0
GEORGIA,13,LEE,177,,MEASURED IN LB,0
GEORGIA,13,LEE,177,,"SUNFLOWER, NON-OIL TYPE - PRODUCTION, MEASURED IN LB",0
GEORGIA,13,STEWART,259,,MEASURED IN LB,0
GEORGIA,13,STEWART,259,,"SUNFLOWER, NON-OIL TYPE - PRODUCTION, MEASURED IN LB",0
GEORGIA,13,PIKE,231,,MEASURED IN LB,0
GEORGIA,13,PIKE,231,,"SUNFLOWER, OIL TYPE - PRODUCTION, MEASURED IN LB",0
GEORGIA,13,UPSON,293,,MEASURED IN LB,375
GEORGIA,13,UPSON,293,,"SUNFLOWER, NON-OIL TYPE - PRODUCTION, MEASURED IN LB",375
IDAHO,16,BOUNDARY,21,,MEASURED IN LB,0
IDAHO,16,BOUNDARY,21,,"SUNFLOWER, OIL TYPE - PRODUCTION, MEASURED IN LB",0
IDAHO,16,NEZ PERCE,69,,MEASURED IN LB,0
IDAHO,16,NEZ PERCE,69,,"SUNFLOWER, OIL TYPE - PRODUCTION, MEASURED IN LB",0
IDAHO,16,OWYHEE,73,,MEASURED IN LB,0
IDAHO,16,OWYHEE,73,,"SUNFLOWER, OIL TYPE - PRODUCTION, MEASURED IN LB",0
ILLINOIS,17,CHAMPAIGN,19,,MEASURED IN LB,0
ILLINOIS,17,CHAMPAIGN,19,,"SUNFLOWER, OIL TYPE - PRODUCTION, MEASURED IN LB",0
ILLINOIS,17,IROQUOIS,75,,MEASURED IN LB,0
ILLINOIS,17,IROQUOIS,75,,"SUNFLOWER, OIL TYPE - PRODUCTION, MEASURED IN LB",0
ILLINOIS,17,LIVINGSTON,105,,MEASURED IN LB,"32,666"
ILLINOIS,17,LIVINGSTON,105,,"SUNFLOWER, OIL TYPE - PRODUCTION, MEASURED IN LB","32,666"
ILLINOIS,17,CLARK,23,,MEASURED IN LB,0
ILLINOIS,17,CLARK,23,,"SUNFLOWER, OIL TYPE - PRODUCTION, MEASURED IN LB",0
ILLINOIS,17,EDGAR,45,,MEASURED IN LB,0
ILLINOIS,17,EDGAR,45,,"SUNFLOWER, OIL TYPE - PRODUCTION, MEASURED IN LB",0
ILLINOIS,17,KANE,89,,MEASURED IN LB,0
ILLINOIS,17,KANE,89,,"SUNFLOWER, OIL TYPE - PRODUCTION, MEASURED IN LB",0
ILLINOIS,17,MCHENRY,111,,MEASURED IN LB,0
ILLINOIS,17,MCHENRY,111,,"SUNFLOWER, NON-OIL TYPE - PRODUCTION, MEASURED IN LB",0
ILLINOIS,17,FRANKLIN,55,,MEASURED IN LB,"9,000"
ILLINOIS,17,FRANKLIN,55,,"SUNFLOWER, OIL TYPE - PRODUCTION, MEASURED IN LB","9,000"
ILLINOIS,17,ST CLAIR,163,,MEASURED IN LB,0
ILLINOIS,17,ST CLAIR,163,,"SUNFLOWER, NON-OIL TYPE - PRODUCTION, MEASURED IN LB",0
ILLINOIS,17,WARREN,187,,MEASURED IN LB,0
ILLINOIS,17,WARREN,187,,"SUNFLOWER, OIL TYPE - PRODUCTION, MEASURED IN LB",0
ILLINOIS,17,CASS,17,,MEASURED IN LB,0
ILLINOIS,17,CASS,17,,"SUNFLOWER, OIL TYPE - PRODUCTION, MEASURED IN LB",0
ILLINOIS,17,GREENE,61,,MEASURED IN LB,0
ILLINOIS,17,GREENE,61,,"SUNFLOWER, NON-OIL TYPE - PRODUCTION, MEASURED IN LB",0
INDIANA,18,GRANT,53,,MEASURED IN LB,0
INDIANA,18,GRANT,53,,"SUNFLOWER, OIL TYPE - PRODUCTION, MEASURED IN LB",0
INDIANA,18,HANCOCK,59,,MEASURED IN LB,"18,000"
INDIANA,18,HANCOCK,59,,"SUNFLOWER, OIL TYPE - PRODUCTION, MEASURED IN LB","18,000"
INDIANA,18,MIAMI,103,,MEASURED IN LB,"83,400"
INDIANA,18,MIAMI,103,,"SUNFLOWER, OIL TYPE - PRODUCTION, MEASURED IN LB","83,400"
INDIANA,18,ST. JOSEPH,141,,MEASURED IN LB,0
INDIANA,18,ST. JOSEPH,141,,"SUNFLOWER, NON-OIL TYPE - PRODUCTION, MEASURED IN LB",0
INDIANA,18,ADAMS,1,,MEASURED IN LB,0
INDIANA,18,ADAMS,1,,"SUNFLOWER, OIL TYPE - PRODUCTION, MEASURED IN LB",0
INDIANA,18,HUNTINGTON,69,,MEASURED IN LB,0
INDIANA,18,HUNTINGTON,69,,"SUNFLOWER, OIL TYPE - PRODUCTION, MEASURED IN LB",0
INDIANA,18,NOBLE,113,,MEASURED IN LB,0
INDIANA,18,NOBLE,113,,"SUNFLOWER, OIL TYPE - PRODUCTION, MEASURED IN LB",0
INDIANA,18,BENTON,7,,MEASURED IN LB,0
INDIANA,18,BENTON,7,,"SUNFLOWER, NON-OIL TYPE - PRODUCTION, MEASURED IN LB",0
INDIANA,18,LA PORTE,91,,MEASURED IN LB,0
INDIANA,18,LA PORTE,91,,"SUNFLOWER, OIL TYPE - PRODUCTION, MEASURED IN LB",0
INDIANA,18,PULASKI,131,,MEASURED IN LB,0
INDIANA,18,PULASKI,131,,"SUNFLOWER, OIL TYPE - PRODUCTION, MEASURED IN LB",0
INDIANA,18,ORANGE,117,,MEASURED IN LB,0
INDIANA,18,ORANGE,117,,"SUNFLOWER, NON-OIL TYPE - PRODUCTION, MEASURED IN LB",0
IOWA,19,POLK,153,,MEASURED IN LB,0
IOWA,19,POLK,153,,"SUNFLOWER, NON-OIL TYPE - PRODUCTION, MEASURED IN LB",0
IOWA,19,STORY,169,,MEASURED IN LB,0
IOWA,19,STORY,169,,"SUNFLOWER, OIL TYPE - PRODUCTION, MEASURED IN LB",0
IOWA,19,LINN,113,,MEASURED IN LB,0
IOWA,19,LINN,113,,"SUNFLOWER, NON-OIL TYPE - PRODUCTION, MEASURED IN LB",0
IOWA,19,LINN,113,,"SUNFLOWER, OIL TYPE - PRODUCTION, MEASURED IN LB",0
IOWA,19,SCOTT,163,,MEASURED IN LB,0
IOWA,19,SCOTT,163,,"SUNFLOWER, OIL TYPE - PRODUCTION, MEASURED IN LB",0
IOWA,19,MITCHELL,131,,MEASURED IN LB,0
IOWA,19,MITCHELL,131,,"SUNFLOWER, OIL TYPE - PRODUCTION, MEASURED IN LB",0
IOWA,19,SAC,161,,MEASURED IN LB,0
IOWA,19,SAC,161,,"SUNFLOWER, OIL TYPE - PRODUCTION, MEASURED IN LB",0
KANSAS,20,BARTON,9,,MEASURED IN LB,0
KANSAS,20,BARTON,9,,"SUNFLOWER, OIL TYPE - PRODUCTION, MEASURED IN LB",0
KANSAS,20,DICKINSON,41,,MEASURED IN LB,0
KANSAS,20,DICKINSON,41,,"SUNFLOWER, NON-OIL TYPE - PRODUCTION, MEASURED IN LB",0
KANSAS,20,ELLIS,51,,MEASURED IN LB,0
KANSAS,20,ELLIS,51,,"SUNFLOWER, OIL TYPE - PRODUCTION, MEASURED IN LB",0
KANSAS,20,ELLSWORTH,53,,MEASURED IN LB,0
KANSAS,20,ELLSWORTH,53,,"SUNFLOWER, OIL TYPE - PRODUCTION, MEASURED IN LB",0
KANSAS,20,LINCOLN,105,,MEASURED IN LB,0
KANSAS,20,LINCOLN,105,,"SUNFLOWER, OIL TYPE - PRODUCTION, MEASURED IN LB",0
KANSAS,20,MARION,115,,MEASURED IN LB,"2,098,939"
KANSAS,20,MARION,115,,"SUNFLOWER, OIL TYPE - PRODUCTION, MEASURED IN LB","2,098,939"
KANSAS,20,MCPHERSON,113,,MEASURED IN LB,"363,380"
KANSAS,20,MCPHERSON,113,,"SUNFLOWER, OIL TYPE - PRODUCTION, MEASURED IN LB","363,380"
KANSAS,20,RICE,159,,MEASURED IN LB,"798,200"
KANSAS,20,RICE,159,,"SUNFLOWER, OIL TYPE - PRODUCTION, MEASURED IN LB","798,200"
KANSAS,20,RUSH,165,,MEASURED IN LB,0
KANSAS,20,RUSH,165,,"SUNFLOWER, OIL TYPE - PRODUCTION, MEASURED IN LB",0
KANSAS,20,SALINE,169,,MEASURED IN LB,"88,780"
KANSAS,20,SALINE,169,,"SUNFLOWER, OIL TYPE - PRODUCTION, MEASURED IN LB","88,780"
KANSAS,20,ANDERSON,3,,MEASURED IN LB,"681,000"
KANSAS,20,ANDERSON,3,,"SUNFLOWER, OIL TYPE - PRODUCTION, MEASURED IN LB","681,000"
KANSAS,20,DOUGLAS,45,,MEASURED IN LB,0
KANSAS,20,DOUGLAS,45,,"SUNFLOWER, OIL TYPE - PRODUCTION, MEASURED IN LB",0
KANSAS,20,LYON,111,,MEASURED IN LB,0
KANSAS,20,LYON,111,,"SUNFLOWER, OIL TYPE - PRODUCTION, MEASURED IN LB",0
KANSAS,20,MORRIS,127,,MEASURED IN LB,0
KANSAS,20,MORRIS,127,,"SUNFLOWER, OIL TYPE - PRODUCTION, MEASURED IN LB",0
KANSAS,20,JEWELL,89,,MEASURED IN LB,"911,813"
KANSAS,20,JEWELL,89,,"SUNFLOWER, OIL TYPE - PRODUCTION, MEASURED IN LB","911,813"
KANSAS,20,OSBORNE,141,,MEASURED IN LB,"855,770"
KANSAS,20,OSBORNE,141,,"SUNFLOWER, NON-OIL TYPE - PRODUCTION, MEASURED IN LB",0
KANSAS,20,OSBORNE,141,,"SUNFLOWER, OIL TYPE - PRODUCTION, MEASURED IN LB",0
KANSAS,20,OTTAWA,143,,MEASURED IN LB,"831,120"
KANSAS,20,OTTAWA,143,,"SUNFLOWER, OIL TYPE - PRODUCTION, MEASURED IN LB","831,120"
KANSAS,20,PHILLIPS,147,,MEASURED IN LB,0
KANSAS,20,PHILLIPS,147,,"SUNFLOWER, OIL TYPE - PRODUCTION, MEASURED IN LB",0
KANSAS,20,REPUBLIC,157,,MEASURED IN LB,"1,346,572"
KANSAS,20,REPUBLIC,157,,"SUNFLOWER, NON-OIL TYPE - PRODUCTION, MEASURED IN LB",0
KANSAS,20,REPUBLIC,157,,"SUNFLOWER, OIL TYPE - PRODUCTION, MEASURED IN LB",0
KANSAS,20,ROOKS,163,,MEASURED IN LB,"3,423,080"
KANSAS,20,ROOKS,163,,"SUNFLOWER, OIL TYPE - PRODUCTION, MEASURED IN LB","3,423,080"
KANSAS,20,SMITH,183,,MEASURED IN LB,0
KANSAS,20,SMITH,183,,"SUNFLOWER, OIL TYPE - PRODUCTION, MEASURED IN LB",0
KANSAS,20,WASHINGTON,201,,MEASURED IN LB,0
KANSAS,20,WASHINGTON,201,,"SUNFLOWER, OIL TYPE - PRODUCTION, MEASURED IN LB",0
KANSAS,20,BROWN,13,,MEASURED IN LB,0
KANSAS,20,BROWN,13,,"SUNFLOWER, OIL TYPE - PRODUCTION, MEASURED IN LB",0
KANSAS,20,JACKSON,85,,MEASURED IN LB,0
KANSAS,20,JACKSON,85,,"SUNFLOWER, OIL TYPE - PRODUCTION, MEASURED IN LB",0
KANSAS,20,LEAVENWORTH,103,,MEASURED IN LB,0
KANSAS,20,LEAVENWORTH,103,,"SUNFLOWER, OIL TYPE - PRODUCTION, MEASURED IN LB",0
KANSAS,20,NEMAHA,131,,MEASURED IN LB,0
KANSAS,20,NEMAHA,131,,"SUNFLOWER, NON-OIL TYPE - PRODUCTION, MEASURED IN LB",0
KANSAS,20,CHEYENNE,23,,MEASURED IN LB,"7,531,085"
KANSAS,20,CHEYENNE,23,,"SUNFLOWER, NON-OIL TYPE - PRODUCTION, MEASURED IN LB","2,964,054"
KANSAS,20,CHEYENNE,23,,"SUNFLOWER, OIL TYPE - PRODUCTION, MEASURED IN LB","4,567,031"
KANSAS,20,DECATUR,39,,MEASURED IN LB,0
KANSAS,20,DECATUR,39,,"SUNFLOWER, OIL TYPE - PRODUCTION, MEASURED IN LB",0
KANSAS,20,GRAHAM,65,,MEASURED IN LB,0
KANSAS,20,GRAHAM,65,,"SUNFLOWER, OIL TYPE - PRODUCTION, MEASURED IN LB",0
KANSAS,20,RAWLINS,153,,MEASURED IN LB,0
KANSAS,20,RAWLINS,153,,"SUNFLOWER, OIL TYPE - PRODUCTION, MEASURED IN LB",0
KANSAS,20,SHERIDAN,179,,MEASURED IN LB,"2,196,761"
KANSAS,20,SHERIDAN,179,,"SUNFLOWER, NON-OIL TYPE - PRODUCTION, MEASURED IN LB",0
KANSAS,20,SHERIDAN,179,,"SUNFLOWER, OIL TYPE - PRODUCTION, MEASURED IN LB",0
KANSAS,20,SHERMAN,181,,MEASURED IN LB,"11,403,175"
KANSAS,20,SHERMAN,181,,"SUNFLOWER, NON-OIL TYPE - PRODUCTION, MEASURED IN LB","5,902,044"
KANSAS,20,SHERMAN,181,,"SUNFLOWER, OIL TYPE - PRODUCTION, MEASURED IN LB","5,501,131"
KANSAS,20,THOMAS,193,,MEASURED IN LB,0
KANSAS,20,THOMAS,193,,"SUNFLOWER, NON-OIL TYPE - PRODUCTION, MEASURED IN LB",0
KANSAS,20,THOMAS,193,,"SUNFLOWER, OIL TYPE - PRODUCTION, MEASURED IN LB",0
KANSAS,20,BARBER,7,,MEASURED IN LB,0
KANSAS,20,BARBER,7,,"SUNFLOWER, OIL TYPE - PRODUCTION, MEASURED IN LB",0
KANSAS,20,EDWARDS,47,,MEASURED IN LB,0
KANSAS,20,EDWARDS,47,,"SUNFLOWER, OIL TYPE - PRODUCTION, MEASURED IN LB",0
KANSAS,20,HARVEY,79,,MEASURED IN LB,0
KANSAS,20,HARVEY,79,,"SUNFLOWER, OIL TYPE - PRODUCTION, MEASURED IN LB",0
KANSAS,20,KINGMAN,95,,MEASURED IN LB,0
KANSAS,20,KINGMAN,95,,"SUNFLOWER, OIL TYPE - PRODUCTION, MEASURED IN LB",0
KANSAS,20,RENO,155,,MEASURED IN LB,"2,881,890"
KANSAS,20,RENO,155,,"SUNFLOWER, OIL TYPE - PRODUCTION, MEASURED IN LB","2,881,890"
KANSAS,20,SEDGWICK,173,,MEASURED IN LB,0
KANSAS,20,SEDGWICK,173,,"SUNFLOWER, OIL TYPE - PRODUCTION, MEASURED IN LB",0
KANSAS,20,SUMNER,191,,MEASURED IN LB,"3,224,691"
KANSAS,20,SUMNER,191,,"SUNFLOWER, OIL TYPE - PRODUCTION, MEASURED IN LB","3,224,691"
KANSAS,20,COWLEY,35,,MEASURED IN LB,0
KANSAS,20,COWLEY,35,,"SUNFLOWER, OIL TYPE - PRODUCTION, MEASURED IN LB",0
KANSAS,20,LABETTE,99,,MEASURED IN LB,"2,640"
KANSAS,20,LABETTE,99,,"SUNFLOWER, OIL TYPE - PRODUCTION, MEASURED IN LB","2,640"
KANSAS,20,MONTGOMERY,125,,MEASURED IN LB,0
KANSAS,20,MONTGOMERY,125,,"SUNFLOWER, OIL TYPE - PRODUCTION, MEASURED IN LB",0
KANSAS,20,WOODSON,207,,MEASURED IN LB,"588,160"
KANSAS,20,WOODSON,207,,"SUNFLOWER, OIL TYPE - PRODUCTION, MEASURED IN LB","588,160"
KANSAS,20,FINNEY,55,,MEASURED IN LB,"2,455,000"
KANSAS,20,FINNEY,55,,"SUNFLOWER, OIL TYPE - PRODUCTION, MEASURED IN LB","2,455,000"
KANSAS,20,GRANT,67,,MEASURED IN LB,"1,232,928"
KANSAS,20,GRANT,67,,"SUNFLOWER, NON-OIL TYPE - PRODUCTION, MEASURED IN LB","1,232,928"
KANSAS,20,GRAY,69,,MEASURED IN LB,0
KANSAS,20,GRAY,69,,"SUNFLOWER, OIL TYPE - PRODUCTION, MEASURED IN LB",0
KANSAS,20,HAMILTON,75,,MEASURED IN LB,"152,532"
KANSAS,20,HAMILTON,75,,"SUNFLOWER, OIL TYPE - PRODUCTION, MEASURED IN LB","152,532"
KANSAS,20,HASKELL,81,,MEASURED IN LB,0
KANSAS,20,HASKELL,81,,"SUNFLOWER, OIL TYPE - PRODUCTION, MEASURED IN LB",0
KANSAS,20,KEARNY,93,,MEASURED IN LB,"2,088,532"
KANSAS,20,KEARNY,93,,"SUNFLOWER, OIL TYPE - PRODUCTION, MEASURED IN LB","2,088,532"
KANSAS,20,MORTON,129,,MEASURED IN LB,0
KANSAS,20,MORTON,129,,"SUNFLOWER, OIL TYPE - PRODUCTION, MEASURED IN LB",0
KANSAS,20,SEWARD,175,,MEASURED IN LB,0
KANSAS,20,SEWARD,175,,"SUNFLOWER, NON-OIL TYPE - PRODUCTION, MEASURED IN LB",0
KANSAS,20,SEWARD,175,,"SUNFLOWER, OIL TYPE - PRODUCTION, MEASURED IN LB",0
KANSAS,20,STANTON,187,,MEASURED IN LB,0
KANSAS,20,STANTON,187,,"SUNFLOWER, OIL TYPE - PRODUCTION, MEASURED IN LB",0
KANSAS,20,STEVENS,189,,MEASURED IN LB,"4,346,395"
KANSAS,20,STEVENS,189,,"SUNFLOWER, NON-OIL TYPE - PRODUCTION, MEASURED IN LB","2,868,128"
KANSAS,20,STEVENS,189,,"SUNFLOWER, OIL TYPE - PRODUCTION, MEASURED IN LB","1,478,267"
KANSAS,20,GOVE,63,,MEASURED IN LB,"3,470,170"
KANSAS,20,GOVE,63,,"SUNFLOWER, NON-OIL TYPE - PRODUCTION, MEASURED IN LB","1,434,000"
KANSAS,20,GOVE,63,,"SUNFLOWER, OIL TYPE - PRODUCTION, MEASURED IN LB","2,036,170"
KANSAS,20,GREELEY,71,,MEASURED IN LB,"1,239,007"
KANSAS,20,GREELEY,71,,"SUNFLOWER, NON-OIL TYPE - PRODUCTION, MEASURED IN LB",0
KANSAS,20,GREELEY,71,,"SUNFLOWER, OIL TYPE - PRODUCTION, MEASURED IN LB",0
KANSAS,20,LOGAN,109,,MEASURED IN LB,"1,065,600"
KANSAS,20,LOGAN,109,,"SUNFLOWER, NON-OIL TYPE - PRODUCTION, MEASURED IN LB",0
KANSAS,20,LOGAN,109,,"SUNFLOWER, OIL TYPE - PRODUCTION, MEASURED IN LB",0
KANSAS,20,NESS,135,,MEASURED IN LB,0
KANSAS,20,NESS,135,,"SUNFLOWER, OIL TYPE - PRODUCTION, MEASURED IN LB",0
KANSAS,20,SCOTT,171,,MEASURED IN LB,"4,077,964"
KANSAS,20,SCOTT,171,,"SUNFLOWER, NON-OIL TYPE - PRODUCTION, MEASURED IN LB",0
KANSAS,20,SCOTT,171,,"SUNFLOWER, OIL TYPE - PRODUCTION, MEASURED IN LB",0
KANSAS,20,WALLACE,199,,MEASURED IN LB,"2,691,353"
KANSAS,20,WALLACE,199,,"SUNFLOWER, NON-OIL TYPE - PRODUCTION, MEASURED IN LB","1,109,138"
KANSAS,20,WALLACE,199,,"SUNFLOWER, OIL TYPE - PRODUCTION, MEASURED IN LB","1,582,215"
KANSAS,20,WICHITA,203,,MEASURED IN LB,"890,028"
KANSAS,20,WICHITA,203,,"SUNFLOWER, NON-OIL TYPE - PRODUCTION, MEASURED IN LB",0
KANSAS,20,WICHITA,203,,"SUNFLOWER, OIL TYPE - PRODUCTION, MEASURED IN LB",0
KENTUCKY,21,GARRARD,79,,MEASURED IN LB,0
KENTUCKY,21,GARRARD,79,,"SUNFLOWER, OIL TYPE - PRODUCTION, MEASURED IN LB",0
KENTUCKY,21,MERCER,167,,MEASURED IN LB,0
KENTUCKY,21,MERCER,167,,"SUNFLOWER, OIL TYPE - PRODUCTION, MEASURED IN LB",0
KENTUCKY,21,SPENCER,215,,MEASURED IN LB,0
KENTUCKY,21,SPENCER,215,,"SUNFLOWER, NON-OIL TYPE - PRODUCTION, MEASURED IN LB",0
KENTUCKY,21,NELSON,179,,MEASURED IN LB,0
KENTUCKY,21,NELSON,179,,"SUNFLOWER, OIL TYPE - PRODUCTION, MEASURED IN LB",0
MAINE,23,AROOSTOOK,3,,MEASURED IN LB,0
MAINE,23,AROOSTOOK,3,,"SUNFLOWER, OIL TYPE - PRODUCTION, MEASURED IN LB",0
MARYLAND,24,WICOMICO,45,,MEASURED IN LB,0
MARYLAND,24,WICOMICO,45,,"SUNFLOWER, NON-OIL TYPE - PRODUCTION, MEASURED IN LB",0
MARYLAND,24,HARFORD,25,,MEASURED IN LB,0
MARYLAND,24,HARFORD,25,,"SUNFLOWER, NON-OIL TYPE - PRODUCTION, MEASURED IN LB",0
MARYLAND,24,MONTGOMERY,31,,MEASURED IN LB,0
MARYLAND,24,MONTGOMERY,31,,"SUNFLOWER, OIL TYPE - PRODUCTION, MEASURED IN LB",0
MARYLAND,24,CHARLES,17,,MEASURED IN LB,0
MARYLAND,24,CHARLES,17,,"SUNFLOWER, NON-OIL TYPE - PRODUCTION, MEASURED IN LB",0
MARYLAND,24,CAROLINE,11,,MEASURED IN LB,0
MARYLAND,24,CAROLINE,11,,"SUNFLOWER, NON-OIL TYPE - PRODUCTION, MEASURED IN LB",0
MASSACHUSETTS,25,BERKSHIRE,3,,MEASURED IN LB,0
MASSACHUSETTS,25,BERKSHIRE,3,,"SUNFLOWER, NON-OIL TYPE - PRODUCTION, MEASURED IN LB",0
MICHIGAN,26,CLARE,35,,MEASURED IN LB,0
MICHIGAN,26,CLARE,35,,"SUNFLOWER, OIL TYPE - PRODUCTION, MEASURED IN LB",0
MICHIGAN,26,GLADWIN,51,,MEASURED IN LB,0
MICHIGAN,26,GLADWIN,51,,"SUNFLOWER, NON-OIL TYPE - PRODUCTION, MEASURED IN LB",0
MICHIGAN,26,MIDLAND,111,,MEASURED IN LB,0
MICHIGAN,26,MIDLAND,111,,"SUNFLOWER, OIL TYPE - PRODUCTION, MEASURED IN LB",0
MICHIGAN,26,BAY,17,,MEASURED IN LB,0
MICHIGAN,26,BAY,17,,"SUNFLOWER, OIL TYPE - PRODUCTION, MEASURED IN LB",0
MICHIGAN,26,SAGINAW,145,,MEASURED IN LB,"500,000"
MICHIGAN,26,SAGINAW,145,,"SUNFLOWER, OIL TYPE - PRODUCTION, MEASURED IN LB","500,000"
MICHIGAN,26,ALPENA,7,,MEASURED IN LB,0
MICHIGAN,26,ALPENA,7,,"SUNFLOWER, NON-OIL TYPE - PRODUCTION, MEASURED IN LB",300
MICHIGAN,26,ALPENA,7,,"SUNFLOWER, OIL TYPE - PRODUCTION, MEASURED IN LB",0
MICHIGAN,26,EMMET,47,,MEASURED IN LB,0
MICHIGAN,26,EMMET,47,,"SUNFLOWER, OIL TYPE - PRODUCTION, MEASURED IN LB",0
MICHIGAN,26,GRAND TRAVERSE,55,,MEASURED IN LB,0
MICHIGAN,26,GRAND TRAVERSE,55,,"SUNFLOWER, OIL TYPE - PRODUCTION, MEASURED IN LB",0
MICHIGAN,26,KALKASKA,79,,MEASURED IN LB,0
MICHIGAN,26,KALKASKA,79,,"SUNFLOWER, OIL TYPE - PRODUCTION, MEASURED IN LB",0
MICHIGAN,26,SHIAWASSEE,155,,MEASURED IN LB,0
MICHIGAN,26,SHIAWASSEE,155,,"SUNFLOWER, OIL TYPE - PRODUCTION, MEASURED IN LB",0
MICHIGAN,26,ST JOSEPH,149,,MEASURED IN LB,0
MICHIGAN,26,ST JOSEPH,149,,"SUNFLOWER, OIL TYPE - PRODUCTION, MEASURED IN LB",0
MICHIGAN,26,LENAWEE,91,,MEASURED IN LB,0
MICHIGAN,26,LENAWEE,91,,"SUNFLOWER, NON-OIL TYPE - PRODUCTION, MEASURED IN LB",0
MICHIGAN,26,LIVINGSTON,93,,MEASURED IN LB,0
MICHIGAN,26,LIVINGSTON,93,,"SUNFLOWER, OIL TYPE - PRODUCTION, MEASURED IN LB",0
MICHIGAN,26,WASHTENAW,161,,MEASURED IN LB,0
MICHIGAN,26,WASHTENAW,161,,"SUNFLOWER, OIL TYPE - PRODUCTION, MEASURED IN LB",0
MICHIGAN,26,OTTAWA,139,,MEASURED IN LB,"34,640"
MICHIGAN,26,OTTAWA,139,,"SUNFLOWER, OIL TYPE - PRODUCTION, MEASURED IN LB","34,640"
MICHIGAN,26,VAN BUREN,159,,MEASURED IN LB,420
MICHIGAN,26,VAN BUREN,159,,"SUNFLOWER, NON-OIL TYPE - PRODUCTION, MEASURED IN LB",420
MICHIGAN,26,ALGER,3,,MEASURED IN LB,0
MICHIGAN,26,ALGER,3,,"SUNFLOWER, NON-OIL TYPE - PRODUCTION, MEASURED IN LB",0
MICHIGAN,26,DELTA,41,,MEASURED IN LB,0
MICHIGAN,26,DELTA,41,,"SUNFLOWER, OIL TYPE - PRODUCTION, MEASURED IN LB",0
MICHIGAN,26,MENOMINEE,109,,MEASURED IN LB,0
MICHIGAN,26,MENOMINEE,109,,"SUNFLOWER, OIL TYPE - PRODUCTION, MEASURED IN LB",0
MICHIGAN,26,MASON,105,,MEASURED IN LB,0
MICHIGAN,26,MASON,105,,"SUNFLOWER, OIL TYPE - PRODUCTION, MEASURED IN LB",0
MICHIGAN,26,NEWAYGO,123,,MEASURED IN LB,0
MICHIGAN,26,NEWAYGO,123,,"SUNFLOWER, OIL TYPE - PRODUCTION, MEASURED IN LB",0
MINNESOTA,27,MORRISON,97,,MEASURED IN LB,"1,520,404"
MINNESOTA,27,MORRISON,97,,"SUNFLOWER, OIL TYPE - PRODUCTION, MEASURED IN LB","1,520,404"
MINNESOTA,27,TODD,153,,MEASURED IN LB,"332,953"
MINNESOTA,27,TODD,153,,"SUNFLOWER, OIL TYPE - PRODUCTION, MEASURED IN LB","332,953"
MINNESOTA,27,WADENA,159,,MEASURED IN LB,"737,612"
MINNESOTA,27,WADENA,159,,"SUNFLOWER, OIL TYPE - PRODUCTION, MEASURED IN LB","737,612"
MINNESOTA,27,CROW WING,35,,MEASURED IN LB,0
MINNESOTA,27,CROW WING,35,,"SUNFLOWER, OIL TYPE - PRODUCTION, MEASURED IN LB",0
MINNESOTA,27,MILLE LACS,95,,MEASURED IN LB,"11,400"
MINNESOTA,27,MILLE LACS,95,,"SUNFLOWER, NON-OIL TYPE - PRODUCTION, MEASURED IN LB",0
MINNESOTA,27,MILLE LACS,95,,"SUNFLOWER, OIL TYPE - PRODUCTION, MEASURED IN LB",0
MINNESOTA,27,RAMSEY,123,,MEASURED IN LB,0
MINNESOTA,27,RAMSEY,123,,"SUNFLOWER, OIL TYPE - PRODUCTION, MEASURED IN LB",0
MINNESOTA,27,WASHINGTON,163,,MEASURED IN LB,0
MINNESOTA,27,WASHINGTON,163,,"SUNFLOWER, NON-OIL TYPE - PRODUCTION, MEASURED IN LB",0
MINNESOTA,27,BELTRAMI,7,,MEASURED IN LB,0
MINNESOTA,27,BELTRAMI,7,,"SUNFLOWER, OIL TYPE - PRODUCTION, MEASURED IN LB",0
MINNESOTA,27,HUBBARD,57,,MEASURED IN LB,0
MINNESOTA,27,HUBBARD,57,,"SUNFLOWER, OIL TYPE - PRODUCTION, MEASURED IN LB",0
MINNESOTA,27,LAKE OF THE WOODS,77,,MEASURED IN LB,0
MINNESOTA,27,LAKE OF THE WOODS,77,,"SUNFLOWER, OIL TYPE - PRODUCTION, MEASURED IN LB",0
MINNESOTA,27,ST. LOUIS,137,,MEASURED IN LB,0
MINNESOTA,27,ST. LOUIS,137,,"SUNFLOWER, OIL TYPE - PRODUCTION, MEASURED IN LB",0
MINNESOTA,27,BECKER,5,,MEASURED IN LB,0
MINNESOTA,27,BECKER,5,,"SUNFLOWER, OIL TYPE - PRODUCTION, MEASURED IN LB",0
MINNESOTA,27,CLAY,27,,MEASURED IN LB,"4,636,519"
MINNESOTA,27,CLAY,27,,"SUNFLOWER, OIL TYPE - PRODUCTION, MEASURED IN LB","4,636,519"
MINNESOTA,27,KITTSON,69,,MEASURED IN LB,"9,405,403"
MINNESOTA,27,KITTSON,69,,"SUNFLOWER, OIL TYPE - PRODUCTION, MEASURED IN LB","9,405,403"
MINNESOTA,27,MAHNOMEN,87,,MEASURED IN LB,"1,596,564"
MINNESOTA,27,MAHNOMEN,87,,"SUNFLOWER, OIL TYPE - PRODUCTION, MEASURED IN LB","1,596,564"
MINNESOTA,27,MARSHALL,89,,MEASURED IN LB,"13,859,659"
MINNESOTA,27,MARSHALL,89,,"SUNFLOWER, OIL TYPE - PRODUCTION, MEASURED IN LB","13,859,659"
MINNESOTA,27,NORMAN,107,,MEASURED IN LB,"917,075"
MINNESOTA,27,NORMAN,107,,"SUNFLOWER, OIL TYPE - PRODUCTION, MEASURED IN LB","917,075"
MINNESOTA,27,PENNINGTON,113,,MEASURED IN LB,0
MINNESOTA,27,PENNINGTON,113,,"SUNFLOWER, OIL TYPE - PRODUCTION, MEASURED IN LB",0
MINNESOTA,27,POLK,119,,MEASURED IN LB,"9,389,510"
MINNESOTA,27,POLK,119,,"SUNFLOWER, NON-OIL TYPE - PRODUCTION, MEASURED IN LB",0
MINNESOTA,27,POLK,119,,"SUNFLOWER, OIL TYPE - PRODUCTION, MEASURED IN LB",0
MINNESOTA,27,RED LAKE,125,,MEASURED IN LB,0
MINNESOTA,27,RED LAKE,125,,"SUNFLOWER, OIL TYPE - PRODUCTION, MEASURED IN LB",0
MINNESOTA,27,ROSEAU,135,,MEASURED IN LB,"16,952,022"
MINNESOTA,27,ROSEAU,135,,"SUNFLOWER, OIL TYPE - PRODUCTION, MEASURED IN LB","16,952,022"
MINNESOTA,27,STEELE,147,,MEASURED IN LB,"156,490"
MINNESOTA,27,STEELE,147,,"SUNFLOWER, NON-OIL TYPE - PRODUCTION, MEASURED IN LB","156,490"
MINNESOTA,27,ROCK,133,,MEASURED IN LB,0
MINNESOTA,27,ROCK,133,,"SUNFLOWER, NON-OIL TYPE - PRODUCTION, MEASURED IN LB",0
MINNESOTA,27,DOUGLAS,41,,MEASURED IN LB,0
MINNESOTA,27,DOUGLAS,41,,"SUNFLOWER, OIL TYPE - PRODUCTION, MEASURED IN LB",0
MINNESOTA,27,GRANT,51,,MEASURED IN LB,0
MINNESOTA,27,GRANT,51,,"SUNFLOWER, NON-OIL TYPE - PRODUCTION, MEASURED IN LB",0
MINNESOTA,27,GRANT,51,,"SUNFLOWER, OIL TYPE - PRODUCTION, MEASURED IN LB",0
MINNESOTA,27,OTTER TAIL,111,,MEASURED IN LB,"349,769"
MINNESOTA,27,OTTER TAIL,111,,"SUNFLOWER, NON-OIL TYPE - PRODUCTION, MEASURED IN LB",0
MINNESOTA,27,OTTER TAIL,111,,"SUNFLOWER, OIL TYPE - PRODUCTION, MEASURED IN LB",0
MINNESOTA,27,STEVENS,149,,MEASURED IN LB,0
MINNESOTA,27,STEVENS,149,,"SUNFLOWER, OIL TYPE - PRODUCTION, MEASURED IN LB",0
MINNESOTA,27,TRAVERSE,155,,MEASURED IN LB,0
MINNESOTA,27,TRAVERSE,155,,"SUNFLOWER, OIL TYPE - PRODUCTION, MEASURED IN LB",0
MINNESOTA,27,WILKIN,167,,MEASURED IN LB,"5,116,901"
MINNESOTA,27,WILKIN,167,,"SUNFLOWER, NON-OIL TYPE - PRODUCTION, MEASURED IN LB",0
MINNESOTA,27,WILKIN,167,,"SUNFLOWER, OIL TYPE - PRODUCTION, MEASURED IN LB",0
MINNESOTA,27,YELLOW MEDICINE,173,,MEASURED IN LB,0
MINNESOTA,27,YELLOW MEDICINE,173,,"SUNFLOWER, NON-OIL TYPE - PRODUCTION, MEASURED IN LB",0
MISSISSIPPI,28,MARSHALL,93,,MEASURED IN LB,0
MISSISSIPPI,28,MARSHALL,93,,"SUNFLOWER, NON-OIL TYPE - PRODUCTION, MEASURED IN LB",0
MISSOURI,29,BOONE,19,,MEASURED IN LB,"165,400"
MISSOURI,29,BOONE,19,,"SUNFLOWER, NON-OIL TYPE - PRODUCTION, MEASURED IN LB",0
MISSOURI,29,BOONE,19,,"SUNFLOWER, OIL TYPE - PRODUCTION, MEASURED IN LB",0
MISSOURI,29,CALLAWAY,27,,MEASURED IN LB,0
MISSOURI,29,CALLAWAY,27,,"SUNFLOWER, NON-OIL TYPE - PRODUCTION, MEASURED IN LB",0
MISSOURI,29,CALLAWAY,27,,"SUNFLOWER, OIL TYPE - PRODUCTION, MEASURED IN LB",0
MISSOURI,29,MONITEAU,135,,MEASURED IN LB,0
MISSOURI,29,MONITEAU,135,,"SUNFLOWER, OIL TYPE - PRODUCTION, MEASURED IN LB",0
MISSOURI,29,PETTIS,159,,MEASURED IN LB,0
MISSOURI,29,PETTIS,159,,"SUNFLOWER, OIL TYPE - PRODUCTION, MEASURED IN LB",0
MISSOURI,29,ST CHARLES,183,,MEASURED IN LB,"11,151"
MISSOURI,29,ST CHARLES,183,,"SUNFLOWER, NON-OIL TYPE - PRODUCTION, MEASURED IN LB",0
MISSOURI,29,ST CHARLES,183,,"SUNFLOWER, OIL TYPE - PRODUCTION, MEASURED IN LB",0
MISSOURI,29,BARRY,9,,MEASURED IN LB,0
MISSOURI,29,BARRY,9,,"SUNFLOWER, OIL TYPE - PRODUCTION, MEASURED IN LB",0
MISSOURI,29,GREENE,77,,MEASURED IN LB,"403,000"
MISSOURI,29,GREENE,77,,"SUNFLOWER, OIL TYPE - PRODUCTION, MEASURED IN LB","403,000"
MISSOURI,29,NEWTON,145,,MEASURED IN LB,0
MISSOURI,29,NEWTON,145,,"SUNFLOWER, OIL TYPE - PRODUCTION, MEASURED IN LB",0
MISSOURI,29,BATES,13,,MEASURED IN LB,0
MISSOURI,29,BATES,13,,"SUNFLOWER, OIL TYPE - PRODUCTION, MEASURED IN LB",0
MISSOURI,29,ST CLAIR,185,,MEASURED IN LB,0
MISSOURI,29,ST CLAIR,185,,"SUNFLOWER, NON-OIL TYPE - PRODUCTION, MEASURED IN LB",0
MONTANA,30,BROADWATER,7,,MEASURED IN LB,0
MONTANA,30,BROADWATER,7,,"SUNFLOWER, NON-OIL TYPE - PRODUCTION, MEASURED IN LB",0
MONTANA,30,JUDITH BASIN,45,,MEASURED IN LB,0
MONTANA,30,JUDITH BASIN,45,,"SUNFLOWER, OIL TYPE - PRODUCTION, MEASURED IN LB",0
MONTANA,30,PONDERA,73,,MEASURED IN LB,0
MONTANA,30,PONDERA,73,,"SUNFLOWER, OIL TYPE - PRODUCTION, MEASURED IN LB",0
MONTANA,30,TETON,99,,MEASURED IN LB,"380,188"
MONTANA,30,TETON,99,,"SUNFLOWER, OIL TYPE - PRODUCTION, MEASURED IN LB","380,188"
MONTANA,30,DAWSON,21,,MEASURED IN LB,"560,000"
MONTANA,30,DAWSON,21,,"SUNFLOWER, OIL TYPE - PRODUCTION, MEASURED IN LB","560,000"
MONTANA,30,GARFIELD,33,,MEASURED IN LB,0
MONTANA,30,GARFIELD,33,,"SUNFLOWER, OIL TYPE - PRODUCTION, MEASURED IN LB",0
MONTANA,30,STILLWATER,95,,MEASURED IN LB,0
MONTANA,30,STILLWATER,95,,"SUNFLOWER, NON-OIL TYPE - PRODUCTION, MEASURED IN LB",0
MONTANA,30,YELLOWSTONE,111,,MEASURED IN LB,"921,807"
MONTANA,30,YELLOWSTONE,111,,"SUNFLOWER, OIL TYPE - PRODUCTION, MEASURED IN LB","921,807"
MONTANA,30,FALLON,25,,MEASURED IN LB,0
MONTANA,30,FALLON,25,,"SUNFLOWER, OIL TYPE - PRODUCTION, MEASURED IN LB",0
MONTANA,30,WIBAUX,109,,MEASURED IN LB,0
MONTANA,30,WIBAUX,109,,"SUNFLOWER, OIL TYPE - PRODUCTION, MEASURED IN LB",0
NEBRASKA,31,VALLEY,175,,MEASURED IN LB,"889,890"
NEBRASKA,31,VALLEY,175,,"SUNFLOWER, NON-OIL TYPE - PRODUCTION, MEASURED IN LB",0
NEBRASKA,31,VALLEY,175,,"SUNFLOWER, OIL TYPE - PRODUCTION, MEASURED IN LB",0
NEBRASKA,31,CHERRY,31,,MEASURED IN LB,"792,960"
NEBRASKA,31,CHERRY,31,,"SUNFLOWER, NON-OIL TYPE - PRODUCTION, MEASURED IN LB",0
NEBRASKA,31,CHERRY,31,,"SUNFLOWER, OIL TYPE - PRODUCTION, MEASURED IN LB",0
NEBRASKA,31,BANNER,7,,MEASURED IN LB,"3,915,000"
NEBRASKA,31,BANNER,7,,"SUNFLOWER, NON-OIL TYPE - PRODUCTION, MEASURED IN LB","3,915,000"
NEBRASKA,31,BOX BUTTE,13,,MEASURED IN LB,"5,741,537"
NEBRASKA,31,BOX BUTTE,13,,"SUNFLOWER, NON-OIL TYPE - PRODUCTION, MEASURED IN LB",0
NEBRASKA,31,BOX BUTTE,13,,"SUNFLOWER, OIL TYPE - PRODUCTION, MEASURED IN LB",0
NEBRASKA,31,CHEYENNE,33,,MEASURED IN LB,"2,740,152"
NEBRASKA,31,CHEYENNE,33,,"SUNFLOWER, OIL TYPE - PRODUCTION, MEASURED IN LB","2,740,152"
NEBRASKA,31,DAWES,45,,MEASURED IN LB,"2,275,110"
NEBRASKA,31,DAWES,45,,"SUNFLOWER, OIL TYPE - PRODUCTION, MEASURED IN LB","2,275,110"
NEBRASKA,31,DEUEL,49,,MEASURED IN LB,"6,607,710"
NEBRASKA,31,DEUEL,49,,"SUNFLOWER, NON-OIL TYPE - PRODUCTION, MEASURED IN LB","5,748,960"
NEBRASKA,31,DEUEL,49,,"SUNFLOWER, OIL TYPE - PRODUCTION, MEASURED IN LB","858,750"
NEBRASKA,31,GARDEN,69,,MEASURED IN LB,0
NEBRASKA,31,GARDEN,69,,"SUNFLOWER, NON-OIL TYPE - PRODUCTION, MEASURED IN LB",0
NEBRASKA,31,KIMBALL,105,,MEASURED IN LB,"7,816,878"
NEBRASKA,31,KIMBALL,105,,"SUNFLOWER, NON-OIL TYPE - PRODUCTION, MEASURED IN LB","1,843,285"
NEBRASKA,31,KIMBALL,105,,"SUNFLOWER, OIL TYPE - PRODUCTION, MEASURED IN LB","5,973,593"
NEBRASKA,31,MORRILL,123,,MEASURED IN LB,"1,515,500"
NEBRASKA,31,MORRILL,123,,"SUNFLOWER, NON-OIL TYPE - PRODUCTION, MEASURED IN LB",0
NEBRASKA,31,MORRILL,123,,"SUNFLOWER, OIL TYPE - PRODUCTION, MEASURED IN LB",0
NEBRASKA,31,SCOTTS BLUFF,157,,MEASURED IN LB,0
NEBRASKA,31,SCOTTS BLUFF,157,,"SUNFLOWER, OIL TYPE - PRODUCTION, MEASURED IN LB",0
NEBRASKA,31,SHERIDAN,161,,MEASURED IN LB,"9,789,045"
NEBRASKA,31,SHERIDAN,161,,"SUNFLOWER, NON-OIL TYPE - PRODUCTION, MEASURED IN LB","380,800"
NEBRASKA,31,SHERIDAN,161,,"SUNFLOWER, OIL TYPE - PRODUCTION, MEASURED IN LB","9,408,245"
NEBRASKA,31,HARLAN,83,,MEASURED IN LB,"359,322"
NEBRASKA,31,HARLAN,83,,"SUNFLOWER, OIL TYPE - PRODUCTION, MEASURED IN LB","359,322"
NEBRASKA,31,CHASE,29,,MEASURED IN LB,0
NEBRASKA,31,CHASE,29,,"SUNFLOWER, OIL TYPE - PRODUCTION, MEASURED IN LB",0
NEBRASKA,31,DUNDY,57,,MEASURED IN LB,0
NEBRASKA,31,DUNDY,57,,"SUNFLOWER, OIL TYPE - PRODUCTION, MEASURED IN LB",0
NEBRASKA,31,HAYES,85,,MEASURED IN LB,0
NEBRASKA,31,HAYES,85,,"SUNFLOWER, NON-OIL TYPE - PRODUCTION, MEASURED IN LB",0
NEBRASKA,31,PERKINS,135,,MEASURED IN LB,"7,005,752"
NEBRASKA,31,PERKINS,135,,"SUNFLOWER, NON-OIL TYPE - PRODUCTION, MEASURED IN LB","5,242,152"
NEBRASKA,31,PERKINS,135,,"SUNFLOWER, OIL TYPE - PRODUCTION, MEASURED IN LB","1,763,600"
NEW HAMPSHIRE,33,STRAFFORD,17,,MEASURED IN LB,0
NEW HAMPSHIRE,33,STRAFFORD,17,,"SUNFLOWER, OIL TYPE - PRODUCTION, MEASURED IN LB",0
NEW JERSEY,34,BURLINGTON,5,,MEASURED IN LB,0
NEW JERSEY,34,BURLINGTON,5,,"SUNFLOWER, NON-OIL TYPE - PRODUCTION, MEASURED IN LB",0
NEW JERSEY,34,MIDDLESEX,23,,MEASURED IN LB,0
NEW JERSEY,34,MIDDLESEX,23,,"SUNFLOWER, NON-OIL TYPE - PRODUCTION, MEASURED IN LB",0
NEW JERSEY,34,HUNTERDON,19,,MEASURED IN LB,0
NEW JERSEY,34,HUNTERDON,19,,"SUNFLOWER, OIL TYPE - PRODUCTION, MEASURED IN LB",0
NEW JERSEY,34,SOMERSET,35,,MEASURED IN LB,0
NEW JERSEY,34,SOMERSET,35,,"SUNFLOWER, NON-OIL TYPE - PRODUCTION, MEASURED IN LB",0
NEW JERSEY,34,SUSSEX,37,,MEASURED IN LB,0
NEW JERSEY,34,SUSSEX,37,,"SUNFLOWER, NON-OIL TYPE - PRODUCTION, MEASURED IN LB",0
NEW JERSEY,34,SUSSEX,37,,"SUNFLOWER, OIL TYPE - PRODUCTION, MEASURED IN LB",0
NEW JERSEY,34,WARREN,41,,MEASURED IN LB,0
NEW JERSEY,34,WARREN,41,,"SUNFLOWER, OIL TYPE - PRODUCTION, MEASURED IN LB",0
NEW JERSEY,34,ATLANTIC,1,,MEASURED IN LB,0
NEW JERSEY,34,ATLANTIC,1,,"SUNFLOWER, NON-OIL TYPE - PRODUCTION, MEASURED IN LB",0
NEW JERSEY,34,GLOUCESTER,15,,MEASURED IN LB,0
NEW JERSEY,34,GLOUCESTER,15,,"SUNFLOWER, NON-OIL TYPE - PRODUCTION, MEASURED IN LB",0
NEW MEXICO,35,CURRY,9,,MEASURED IN LB,0
NEW MEXICO,35,CURRY,9,,"SUNFLOWER, OIL TYPE - PRODUCTION, MEASURED IN LB",0
NEW YORK,36,CAYUGA,11,,MEASURED IN LB,0
NEW YORK,36,CAYUGA,11,,"SUNFLOWER, OIL TYPE - PRODUCTION, MEASURED IN LB",0
NEW YORK,36,HERKIMER,43,,MEASURED IN LB,0
NEW YORK,36,HERKIMER,43,,"SUNFLOWER, OIL TYPE - PRODUCTION, MEASURED IN LB",0
NEW YORK,36,ONONDAGA,67,,MEASURED IN LB,"2,000"
NEW YORK,36,ONONDAGA,67,,"SUNFLOWER, OIL TYPE - PRODUCTION, MEASURED IN LB","2,000"
NEW YORK,36,OTSEGO,77,,MEASURED IN LB,0
NEW YORK,36,OTSEGO,77,,"SUNFLOWER, OIL TYPE - PRODUCTION, MEASURED IN LB",0
NEW YORK,36,WASHINGTON,115,,MEASURED IN LB,"12,000"
NEW YORK,36,WASHINGTON,115,,"SUNFLOWER, NON-OIL TYPE - PRODUCTION, MEASURED IN LB","12,000"
NEW YORK,36,SUFFOLK,103,,MEASURED IN LB,0
NEW YORK,36,SUFFOLK,103,,"SUNFLOWER, NON-OIL TYPE - PRODUCTION, MEASURED IN LB",0
NEW YORK,36,CLINTON,19,,MEASURED IN LB,0
NEW YORK,36,CLINTON,19,,"SUNFLOWER, NON-OIL TYPE - PRODUCTION, MEASURED IN LB",0
NEW YORK,36,ESSEX,31,,MEASURED IN LB,"6,400"
NEW YORK,36,ESSEX,31,,"SUNFLOWER, NON-OIL TYPE - PRODUCTION, MEASURED IN LB","6,400"
NEW YORK,36,WARREN,113,,MEASURED IN LB,0
NEW YORK,36,WARREN,113,,"SUNFLOWER, NON-OIL TYPE - PRODUCTION, MEASURED IN LB",0
NEW YORK,36,DELAWARE,25,,MEASURED IN LB,0
NEW YORK,36,DELAWARE,25,,"SUNFLOWER, OIL TYPE - PRODUCTION, MEASURED IN LB",0
NEW YORK,36,ULSTER,111,,MEASURED IN LB,0
NEW YORK,36,ULSTER,111,,"SUNFLOWER, OIL TYPE - PRODUCTION, MEASURED IN LB",0
NEW YORK,36,CHEMUNG,15,,MEASURED IN LB,0
NEW YORK,36,CHEMUNG,15,,"SUNFLOWER, NON-OIL TYPE - PRODUCTION, MEASURED IN LB",0
NEW YORK,36,CHEMUNG,15,,"SUNFLOWER, OIL TYPE - PRODUCTION, MEASURED IN LB",0
NEW YORK,36,CATTARAUGUS,9,,MEASURED IN LB,0
NEW YORK,36,CATTARAUGUS,9,,"SUNFLOWER, NON-OIL TYPE - PRODUCTION, MEASURED IN LB",0
NEW YORK,36,STEUBEN,101,,MEASURED IN LB,"57,750"
NEW YORK,36,STEUBEN,101,,"SUNFLOWER, NON-OIL TYPE - PRODUCTION, MEASURED IN LB",0
NEW YORK,36,STEUBEN,101,,"SUNFLOWER, OIL TYPE - PRODUCTION, MEASURED IN LB",0
NEW YORK,36,ERIE,29,,MEASURED IN LB,0
NEW YORK,36,ERIE,29,,"SUNFLOWER, OIL TYPE - PRODUCTION, MEASURED IN LB",0
NEW YORK,36,MONROE,55,,MEASURED IN LB,0
NEW YORK,36,MONROE,55,,"SUNFLOWER, OIL TYPE - PRODUCTION, MEASURED IN LB",0
NEW YORK,36,ONTARIO,69,,MEASURED IN LB,0
NEW YORK,36,ONTARIO,69,,"SUNFLOWER, OIL TYPE - PRODUCTION, MEASURED IN LB",0
NEW YORK,36,WAYNE,117,,MEASURED IN LB,0
NEW YORK,36,WAYNE,117,,"SUNFLOWER, NON-OIL TYPE - PRODUCTION, MEASURED IN LB",0
NEW YORK,36,WAYNE,117,,"SUNFLOWER, OIL TYPE - PRODUCTION, MEASURED IN LB",0
NEW YORK,36,WYOMING,121,,MEASURED IN LB,0
NEW YORK,36,WYOMING,121,,"SUNFLOWER, NON-OIL TYPE - PRODUCTION, MEASURED IN LB",0
NEW YORK,36,YATES,123,,MEASURED IN LB,0
NEW YORK,36,YATES,123,,"SUNFLOWER, OIL TYPE - PRODUCTION, MEASURED IN LB",0
NORTH CAROLINA,37,CHATHAM,37,,MEASURED IN LB,0
NORTH CAROLINA,37,CHATHAM,37,,"SUNFLOWER, NON-OIL TYPE - PRODUCTION, MEASURED IN LB",0
NORTH CAROLINA,37,LEE,105,,MEASURED IN LB,0
NORTH CAROLINA,37,LEE,105,,"SUNFLOWER, NON-OIL TYPE - PRODUCTION, MEASURED IN LB",0
NORTH CAROLINA,37,ROWAN,159,,MEASURED IN LB,0
NORTH CAROLINA,37,ROWAN,159,,"SUNFLOWER, OIL TYPE - PRODUCTION, MEASURED IN LB",0
NORTH CAROLINA,37,WAKE,183,,MEASURED IN LB,0
NORTH CAROLINA,37,WAKE,183,,"SUNFLOWER, OIL TYPE - PRODUCTION, MEASURED IN LB",0
NORTH CAROLINA,37,BERTIE,15,,MEASURED IN LB,0
NORTH CAROLINA,37,BERTIE,15,,"SUNFLOWER, NON-OIL TYPE - PRODUCTION, MEASURED IN LB",0
NORTH CAROLINA,37,BLADEN,17,,MEASURED IN LB,0
NORTH CAROLINA,37,BLADEN,17,,"SUNFLOWER, OIL TYPE - PRODUCTION, MEASURED IN LB",0
NORTH CAROLINA,37,COLUMBUS,47,,MEASURED IN LB,0
NORTH CAROLINA,37,COLUMBUS,47,,"SUNFLOWER, OIL TYPE - PRODUCTION, MEASURED IN LB",0
NORTH CAROLINA,37,HARNETT,85,,MEASURED IN LB,0
NORTH CAROLINA,37,HARNETT,85,,"SUNFLOWER, OIL TYPE - PRODUCTION, MEASURED IN LB",0
NORTH CAROLINA,37,CABARRUS,25,,MEASURED IN LB,0
NORTH CAROLINA,37,CABARRUS,25,,"SUNFLOWER, OIL TYPE - PRODUCTION, MEASURED IN LB",0
NORTH CAROLINA,37,GASTON,71,,MEASURED IN LB,0
NORTH CAROLINA,37,GASTON,71,,"SUNFLOWER, OIL TYPE - PRODUCTION, MEASURED IN LB",0
NORTH CAROLINA,37,STANLY,167,,MEASURED IN LB,0
NORTH CAROLINA,37,STANLY,167,,"SUNFLOWER, OIL TYPE - PRODUCTION, MEASURED IN LB",0
NORTH CAROLINA,37,BURKE,23,,MEASURED IN LB,600
NORTH CAROLINA,37,BURKE,23,,"SUNFLOWER, OIL TYPE - PRODUCTION, MEASURED IN LB",600
NORTH DAKOTA,38,EDDY,27,,MEASURED IN LB,"5,053,096"
NORTH DAKOTA,38,EDDY,27,,"SUNFLOWER, OIL TYPE - PRODUCTION, MEASURED IN LB","5,053,096"
NORTH DAKOTA,38,FOSTER,31,,MEASURED IN LB,"3,186,669"
NORTH DAKOTA,38,FOSTER,31,,"SUNFLOWER, OIL TYPE - PRODUCTION, MEASURED IN LB","3,186,669"
NORTH DAKOTA,38,KIDDER,43,,MEASURED IN LB,"1,820,000"
NORTH DAKOTA,38,KIDDER,43,,"SUNFLOWER, OIL TYPE - PRODUCTION, MEASURED IN LB","1,820,000"
NORTH DAKOTA,38,SHERIDAN,83,,MEASURED IN LB,"9,243,700"
NORTH DAKOTA,38,SHERIDAN,83,,"SUNFLOWER, NON-OIL TYPE - PRODUCTION, MEASURED IN LB",0
NORTH DAKOTA,38,SHERIDAN,83,,"SUNFLOWER, OIL TYPE - PRODUCTION, MEASURED IN LB",0
NORTH DAKOTA,38,STUTSMAN,93,,MEASURED IN LB,"5,655,755"
NORTH DAKOTA,38,STUTSMAN,93,,"SUNFLOWER, NON-OIL TYPE - PRODUCTION, MEASURED IN LB",0
NORTH DAKOTA,38,STUTSMAN,93,,"SUNFLOWER, OIL TYPE - PRODUCTION, MEASURED IN LB",0
NORTH DAKOTA,38,WELLS,103,,MEASURED IN LB,"13,598,192"
NORTH DAKOTA,38,WELLS,103,,"SUNFLOWER, NON-OIL TYPE - PRODUCTION, MEASURED IN LB",0
NORTH DAKOTA,38,WELLS,103,,"SUNFLOWER, OIL TYPE - PRODUCTION, MEASURED IN LB",0
NORTH DAKOTA,38,BARNES,3,,MEASURED IN LB,0
NORTH DAKOTA,38,BARNES,3,,"SUNFLOWER, OIL TYPE - PRODUCTION, MEASURED IN LB",0
NORTH DAKOTA,38,CASS,17,,MEASURED IN LB,"17,388,432"
NORTH DAKOTA,38,CASS,17,,"SUNFLOWER, NON-OIL TYPE - PRODUCTION, MEASURED IN LB","3,495,209"
NORTH DAKOTA,38,CASS,17,,"SUNFLOWER, OIL TYPE - PRODUCTION, MEASURED IN LB","13,893,223"
NORTH DAKOTA,38,GRIGGS,39,,MEASURED IN LB,"2,123,058"
NORTH DAKOTA,38,GRIGGS,39,,"SUNFLOWER, OIL TYPE - PRODUCTION, MEASURED IN LB","2,123,058"
NORTH DAKOTA,38,STEELE,91,,MEASURED IN LB,"2,809,331"
NORTH DAKOTA,38,STEELE,91,,"SUNFLOWER, NON-OIL TYPE - PRODUCTION, MEASURED IN LB","394,300"
NORTH DAKOTA,38,STEELE,91,,"SUNFLOWER, OIL TYPE - PRODUCTION, MEASURED IN LB","2,415,031"
NORTH DAKOTA,38,TRAILL,97,,MEASURED IN LB,"4,116,000"
NORTH DAKOTA,38,TRAILL,97,,"SUNFLOWER, OIL TYPE - PRODUCTION, MEASURED IN LB","4,116,000"
NORTH DAKOTA,38,BENSON,5,,MEASURED IN LB,"4,934,000"
NORTH DAKOTA,38,BENSON,5,,"SUNFLOWER, NON-OIL TYPE - PRODUCTION, MEASURED IN LB",0
NORTH DAKOTA,38,BENSON,5,,"SUNFLOWER, OIL TYPE - PRODUCTION, MEASURED IN LB",0
NORTH DAKOTA,38,BOTTINEAU,9,,MEASURED IN LB,"4,855,989"
NORTH DAKOTA,38,BOTTINEAU,9,,"SUNFLOWER, OIL TYPE - PRODUCTION, MEASURED IN LB","4,855,989"
NORTH DAKOTA,38,MCHENRY,49,,MEASURED IN LB,"2,530,960"
NORTH DAKOTA,38,MCHENRY,49,,"SUNFLOWER, NON-OIL TYPE - PRODUCTION, MEASURED IN LB",0
NORTH DAKOTA,38,MCHENRY,49,,"SUNFLOWER, OIL TYPE - PRODUCTION, MEASURED IN LB",0
NORTH DAKOTA,38,PIERCE,69,,MEASURED IN LB,"580,900"
NORTH DAKOTA,38,PIERCE,69,,"SUNFLOWER, NON-OIL TYPE - PRODUCTION, MEASURED IN LB",0
NORTH DAKOTA,38,PIERCE,69,,"SUNFLOWER, OIL TYPE - PRODUCTION, MEASURED IN LB",0
NORTH DAKOTA,38,ROLETTE,79,,MEASURED IN LB,"2,686,750"
NORTH DAKOTA,38,ROLETTE,79,,"SUNFLOWER, OIL TYPE - PRODUCTION, MEASURED IN LB","2,686,750"
NORTH DAKOTA,38,CAVALIER,19,,MEASURED IN LB,"6,614,193"
NORTH DAKOTA,38,CAVALIER,19,,"SUNFLOWER, NON-OIL TYPE - PRODUCTION, MEASURED IN LB","1,493,560"
NORTH DAKOTA,38,CAVALIER,19,,"SUNFLOWER, OIL TYPE - PRODUCTION, MEASURED IN LB","5,120,633"
NORTH DAKOTA,38,GRAND FORKS,35,,MEASURED IN LB,"7,786,190"
NORTH DAKOTA,38,GRAND FORKS,35,,"SUNFLOWER, OIL TYPE - PRODUCTION, MEASURED IN LB","7,786,190"
NORTH DAKOTA,38,NELSON,63,,MEASURED IN LB,"1,398,641"
NORTH DAKOTA,38,NELSON,63,,"SUNFLOWER, OIL TYPE - PRODUCTION, MEASURED IN LB","1,398,641"
NORTH DAKOTA,38,PEMBINA,67,,MEASURED IN LB,"1,550,379"
NORTH DAKOTA,38,PEMBINA,67,,"SUNFLOWER, OIL TYPE - PRODUCTION, MEASURED IN LB","1,550,379"
NORTH DAKOTA,38,RAMSEY,71,,MEASURED IN LB,"2,423,018"
NORTH DAKOTA,38,RAMSEY,71,,"SUNFLOWER, OIL TYPE - PRODUCTION, MEASURED IN LB","2,423,018"
NORTH DAKOTA,38,TOWNER,95,,MEASURED IN LB,"8,538,879"
NORTH DAKOTA,38,TOWNER,95,,"SUNFLOWER, NON-OIL TYPE - PRODUCTION, MEASURED IN LB",0
NORTH DAKOTA,38,TOWNER,95,,"SUNFLOWER, OIL TYPE - PRODUCTION, MEASURED IN LB",0
NORTH DAKOTA,38,WALSH,99,,MEASURED IN LB,"10,664,344"
NORTH DAKOTA,38,WALSH,99,,"SUNFLOWER, NON-OIL TYPE - PRODUCTION, MEASURED IN LB",0
NORTH DAKOTA,38,WALSH,99,,"SUNFLOWER, OIL TYPE - PRODUCTION, MEASURED IN LB",0
NORTH DAKOTA,38,BURKE,13,,MEASURED IN LB,"9,870,967"
NORTH DAKOTA,38,BURKE,13,,"SUNFLOWER, OIL TYPE - PRODUCTION, MEASURED IN LB","9,870,967"
NORTH DAKOTA,38,DIVIDE,23,,MEASURED IN LB,"5,754,814"
NORTH DAKOTA,38,DIVIDE,23,,"SUNFLOWER, OIL TYPE - PRODUCTION, MEASURED IN LB","5,754,814"
NORTH DAKOTA,38,MOUNTRAIL,61,,MEASURED IN LB,"21,930,162"
NORTH DAKOTA,38,MOUNTRAIL,61,,"SUNFLOWER, NON-OIL TYPE - PRODUCTION, MEASURED IN LB","8,084,070"
NORTH DAKOTA,38,MOUNTRAIL,61,,"SUNFLOWER, OIL TYPE - PRODUCTION, MEASURED IN LB","13,846,092"
NORTH DAKOTA,38,RENVILLE,75,,MEASURED IN LB,"16,362,402"
NORTH DAKOTA,38,RENVILLE,75,,"SUNFLOWER, NON-OIL TYPE - PRODUCTION, MEASURED IN LB",0
NORTH DAKOTA,38,RENVILLE,75,,"SUNFLOWER, OIL TYPE - PRODUCTION, MEASURED IN LB",0
NORTH DAKOTA,38,WARD,101,,MEASURED IN LB,"26,640,454"
NORTH DAKOTA,38,WARD,101,,"SUNFLOWER, NON-OIL TYPE - PRODUCTION, MEASURED IN LB","2,325,728"
NORTH DAKOTA,38,WARD,101,,"SUNFLOWER, OIL TYPE - PRODUCTION, MEASURED IN LB","24,314,726"
NORTH DAKOTA,38,WILLIAMS,105,,MEASURED IN LB,"12,785,724"
NORTH DAKOTA,38,WILLIAMS,105,,"SUNFLOWER, OIL TYPE - PRODUCTION, MEASURED IN LB","12,785,724"
NORTH DAKOTA,38,BURLEIGH,15,,MEASURED IN LB,"27,773,922"
NORTH DAKOTA,38,BURLEIGH,15,,"SUNFLOWER, NON-OIL TYPE - PRODUCTION, MEASURED IN LB","5,450,000"
NORTH DAKOTA,38,BURLEIGH,15,,"SUNFLOWER, OIL TYPE - PRODUCTION, MEASURED IN LB","22,323,922"
NORTH DAKOTA,38,EMMONS,29,,MEASURED IN LB,"107,743,215"
NORTH DAKOTA,38,EMMONS,29,,"SUNFLOWER, NON-OIL TYPE - PRODUCTION, MEASURED IN LB","7,862,883"
NORTH DAKOTA,38,EMMONS,29,,"SUNFLOWER, OIL TYPE - PRODUCTION, MEASURED IN LB","99,880,332"
NORTH DAKOTA,38,GRANT,37,,MEASURED IN LB,"46,662,397"
NORTH DAKOTA,38,GRANT,37,,"SUNFLOWER, OIL TYPE - PRODUCTION, MEASURED IN LB","46,662,397"
NORTH DAKOTA,38,MORTON,59,,MEASURED IN LB,"44,036,225"
NORTH DAKOTA,38,MORTON,59,,"SUNFLOWER, NON-OIL TYPE - PRODUCTION, MEASURED IN LB","3,333,626"
NORTH DAKOTA,38,MORTON,59,,"SUNFLOWER, OIL TYPE - PRODUCTION, MEASURED IN LB","40,702,599"
NORTH DAKOTA,38,SIOUX,85,,MEASURED IN LB,"43,008,891"
NORTH DAKOTA,38,SIOUX,85,,"SUNFLOWER, NON-OIL TYPE - PRODUCTION, MEASURED IN LB","7,365,287"
NORTH DAKOTA,38,SIOUX,85,,"SUNFLOWER, OIL TYPE - PRODUCTION, MEASURED IN LB","35,643,604"
NORTH DAKOTA,38,DICKEY,21,,MEASURED IN LB,"4,230,600"
NORTH DAKOTA,38,DICKEY,21,,"SUNFLOWER, NON-OIL TYPE - PRODUCTION, MEASURED IN LB","3,090,600"
NORTH DAKOTA,38,DICKEY,21,,"SUNFLOWER, OIL TYPE - PRODUCTION, MEASURED IN LB","1,140,000"
NORTH DAKOTA,38,LA MOURE,45,,MEASURED IN LB,"1,802,197"
NORTH DAKOTA,38,LA MOURE,45,,"SUNFLOWER, OIL TYPE - PRODUCTION, MEASURED IN LB","1,802,197"
NORTH DAKOTA,38,LOGAN,47,,MEASURED IN LB,"4,488,856"
NORTH DAKOTA,38,LOGAN,47,,"SUNFLOWER, NON-OIL TYPE - PRODUCTION, MEASURED IN LB",0
NORTH DAKOTA,38,LOGAN,47,,"SUNFLOWER, OIL TYPE - PRODUCTION, MEASURED IN LB",0
NORTH DAKOTA,38,MCINTOSH,51,,MEASURED IN LB,"19,153,655"
NORTH DAKOTA,38,MCINTOSH,51,,"SUNFLOWER, NON-OIL TYPE - PRODUCTION, MEASURED IN LB","3,625,981"
NORTH DAKOTA,38,MCINTOSH,51,,"SUNFLOWER, OIL TYPE - PRODUCTION, MEASURED IN LB","15,527,674"
NORTH DAKOTA,38,RANSOM,73,,MEASURED IN LB,0
NORTH DAKOTA,38,RANSOM,73,,"SUNFLOWER, OIL TYPE - PRODUCTION, MEASURED IN LB",0
NORTH DAKOTA,38,RICHLAND,77,,MEASURED IN LB,"6,297,014"
NORTH DAKOTA,38,RICHLAND,77,,"SUNFLOWER, NON-OIL TYPE - PRODUCTION, MEASURED IN LB","2,605,776"
NORTH DAKOTA,38,RICHLAND,77,,"SUNFLOWER, OIL TYPE - PRODUCTION, MEASURED IN LB","3,691,238"
NORTH DAKOTA,38,SARGENT,81,,MEASURED IN LB,"2,448,538"
NORTH DAKOTA,38,SARGENT,81,,"SUNFLOWER, NON-OIL TYPE - PRODUCTION, MEASURED IN LB",0
NORTH DAKOTA,38,SARGENT,81,,"SUNFLOWER, OIL TYPE - PRODUCTION, MEASURED IN LB",0
NORTH DAKOTA,38,ADAMS,1,,MEASURED IN LB,"24,155,344"
NORTH DAKOTA,38,ADAMS,1,,"SUNFLOWER, OIL TYPE - PRODUCTION, MEASURED IN LB","24,155,344"
NORTH DAKOTA,38,BILLINGS,7,,MEASURED IN LB,"4,468,320"
NORTH DAKOTA,38,BILLINGS,7,,"SUNFLOWER, NON-OIL TYPE - PRODUCTION, MEASURED IN LB",0
NORTH DAKOTA,38,BILLINGS,7,,"SUNFLOWER, OIL TYPE - PRODUCTION, MEASURED IN LB",0
NORTH DAKOTA,38,BOWMAN,11,,MEASURED IN LB,"7,856,520"
NORTH DAKOTA,38,BOWMAN,11,,"SUNFLOWER, OIL TYPE - PRODUCTION, MEASURED IN LB","7,856,520"
NORTH DAKOTA,38,GOLDEN VALLEY,33,,MEASURED IN LB,"2,953,340"
NORTH DAKOTA,38,GOLDEN VALLEY,33,,"SUNFLOWER, NON-OIL TYPE - PRODUCTION, MEASURED IN LB",0
NORTH DAKOTA,38,GOLDEN VALLEY,33,,"SUNFLOWER, OIL TYPE - PRODUCTION, MEASURED IN LB",0
NORTH DAKOTA,38,HETTINGER,41,,MEASURED IN LB,"24,278,545"
NORTH DAKOTA,38,HETTINGER,41,,"SUNFLOWER, OIL TYPE - PRODUCTION, MEASURED IN LB","24,278,545"
NORTH DAKOTA,38,SLOPE,87,,MEASURED IN LB,"6,200,133"
NORTH DAKOTA,38,SLOPE,87,,"SUNFLOWER, OIL TYPE - PRODUCTION, MEASURED IN LB","6,200,133"
NORTH DAKOTA,38,STARK,89,,MEASURED IN LB,"31,388,985"
NORTH DAKOTA,38,STARK,89,,"SUNFLOWER, NON-OIL TYPE - PRODUCTION, MEASURED IN LB","1,920,240"
NORTH DAKOTA,38,STARK,89,,"SUNFLOWER, OIL TYPE - PRODUCTION, MEASURED IN LB","29,468,745"
NORTH DAKOTA,38,DUNN,25,,MEASURED IN LB,"9,689,304"
NORTH DAKOTA,38,DUNN,25,,"SUNFLOWER, NON-OIL TYPE - PRODUCTION, MEASURED IN LB",0
NORTH DAKOTA,38,DUNN,25,,"SUNFLOWER, OIL TYPE - PRODUCTION, MEASURED IN LB",0
NORTH DAKOTA,38,MCKENZIE,53,,MEASURED IN LB,0
NORTH DAKOTA,38,MCKENZIE,53,,"SUNFLOWER, OIL TYPE - PRODUCTION, MEASURED IN LB",0
NORTH DAKOTA,38,MCLEAN,55,,MEASURED IN LB,"6,086,554"
NORTH DAKOTA,38,MCLEAN,55,,"SUNFLOWER, NON-OIL TYPE - PRODUCTION, MEASURED IN LB",0
NORTH DAKOTA,38,MCLEAN,55,,"SUNFLOWER, OIL TYPE - PRODUCTION, MEASURED IN LB",0
NORTH DAKOTA,38,MERCER,57,,MEASURED IN LB,"19,295,997"
NORTH DAKOTA,38,MERCER,57,,"SUNFLOWER, NON-OIL TYPE - PRODUCTION, MEASURED IN LB",0
NORTH DAKOTA,38,MERCER,57,,"SUNFLOWER, OIL TYPE - PRODUCTION, MEASURED IN LB",0
NORTH DAKOTA,38,OLIVER,65,,MEASURED IN LB,"7,432,049"
NORTH DAKOTA,38,OLIVER,65,,"SUNFLOWER, OIL TYPE - PRODUCTION, MEASURED IN LB","7,432,049"
OHIO,39,DELAWARE,41,,MEASURED IN LB,"7,140"
OHIO,39,DELAWARE,41,,"SUNFLOWER, NON-OIL TYPE - PRODUCTION, MEASURED IN LB",0
OHIO,39,DELAWARE,41,,"SUNFLOWER, OIL TYPE - PRODUCTION, MEASURED IN LB",0
OHIO,39,BELMONT,13,,MEASURED IN LB,0
OHIO,39,BELMONT,13,,"SUNFLOWER, OIL TYPE - PRODUCTION, MEASURED IN LB",0
OHIO,39,SANDUSKY,143,,MEASURED IN LB,0
OHIO,39,SANDUSKY,143,,"SUNFLOWER, OIL TYPE - PRODUCTION, MEASURED IN LB",0
OHIO,39,PORTAGE,133,,MEASURED IN LB,0
OHIO,39,PORTAGE,133,,"SUNFLOWER, NON-OIL TYPE - PRODUCTION, MEASURED IN LB",0
OHIO,39,HOCKING,73,,MEASURED IN LB,0
OHIO,39,HOCKING,73,,"SUNFLOWER, OIL TYPE - PRODUCTION, MEASURED IN LB",0
OHIO,39,CLINTON,27,,MEASURED IN LB,0
OHIO,39,CLINTON,27,,"SUNFLOWER, OIL TYPE - PRODUCTION, MEASURED IN LB",0
OHIO,39,DARKE,37,,MEASURED IN LB,0
OHIO,39,DARKE,37,,"SUNFLOWER, NON-OIL TYPE - PRODUCTION, MEASURED IN LB",0
OHIO,39,DARKE,37,,"SUNFLOWER, OIL TYPE - PRODUCTION, MEASURED IN LB",0
OHIO,39,MERCER,107,,MEASURED IN LB,0
OHIO,39,MERCER,107,,"SUNFLOWER, NON-OIL TYPE - PRODUCTION, MEASURED IN LB",0
OHIO,39,MERCER,107,,"SUNFLOWER, OIL TYPE - PRODUCTION, MEASURED IN LB",0
OHIO,39,MIAMI,109,,MEASURED IN LB,0
OHIO,39,MIAMI,109,,"SUNFLOWER, OIL TYPE - PRODUCTION, MEASURED IN LB",0
OKLAHOMA,40,CANADIAN,17,,MEASURED IN LB,"151,430"
OKLAHOMA,40,CANADIAN,17,,"SUNFLOWER, NON-OIL TYPE - PRODUCTION, MEASURED IN LB",0
OKLAHOMA,40,CANADIAN,17,,"SUNFLOWER, OIL TYPE - PRODUCTION, MEASURED IN LB",0
OKLAHOMA,40,GRADY,51,,MEASURED IN LB,0
OKLAHOMA,40,GRADY,51,,"SUNFLOWER, OIL TYPE - PRODUCTION, MEASURED IN LB",0
OKLAHOMA,40,KINGFISHER,73,,MEASURED IN LB,"1,371,310"
OKLAHOMA,40,KINGFISHER,73,,"SUNFLOWER, OIL TYPE - PRODUCTION, MEASURED IN LB","1,371,310"
OKLAHOMA,40,GARFIELD,47,,MEASURED IN LB,"1,541,045"
OKLAHOMA,40,GARFIELD,47,,"SUNFLOWER, OIL TYPE - PRODUCTION, MEASURED IN LB","1,541,045"
OKLAHOMA,40,GRANT,53,,MEASURED IN LB,0
OKLAHOMA,40,GRANT,53,,"SUNFLOWER, OIL TYPE - PRODUCTION, MEASURED IN LB",0
OKLAHOMA,40,WOODWARD,153,,MEASURED IN LB,0
OKLAHOMA,40,WOODWARD,153,,"SUNFLOWER, NON-OIL TYPE - PRODUCTION, MEASURED IN LB",0
OKLAHOMA,40,CIMARRON,25,,MEASURED IN LB,0
OKLAHOMA,40,CIMARRON,25,,"SUNFLOWER, NON-OIL TYPE - PRODUCTION, MEASURED IN LB",0
OKLAHOMA,40,TEXAS,139,,MEASURED IN LB,0
OKLAHOMA,40,TEXAS,139,,"SUNFLOWER, NON-OIL TYPE - PRODUCTION, MEASURED IN LB",0
OKLAHOMA,40,TEXAS,139,,"SUNFLOWER, OIL TYPE - PRODUCTION, MEASURED IN LB",0
OKLAHOMA,40,TILLMAN,141,,MEASURED IN LB,0
OKLAHOMA,40,TILLMAN,141,,"SUNFLOWER, OIL TYPE - PRODUCTION, MEASURED IN LB",0
OKLAHOMA,40,BLAINE,11,,MEASURED IN LB,0
OKLAHOMA,40,BLAINE,11,,"SUNFLOWER, OIL TYPE - PRODUCTION, MEASURED IN LB",0
OKLAHOMA,40,CUSTER,39,,MEASURED IN LB,"5,069,300"
OKLAHOMA,40,CUSTER,39,,"SUNFLOWER, OIL TYPE - PRODUCTION, MEASURED IN LB","5,069,300"
OKLAHOMA,40,DEWEY,43,,MEASURED IN LB,0
OKLAHOMA,40,DEWEY,43,,"SUNFLOWER, OIL TYPE - PRODUCTION, MEASURED IN LB",0
OKLAHOMA,40,WASHITA,149,,MEASURED IN LB,0
OKLAHOMA,40,WASHITA,149,,"SUNFLOWER, OIL TYPE - PRODUCTION, MEASURED IN LB",0
OREGON,41,WASCO,65,,MEASURED IN LB,0
OREGON,41,WASCO,65,,"SUNFLOWER, OIL TYPE - PRODUCTION, MEASURED IN LB",0
OREGON,41,UNION,61,,MEASURED IN LB,"818,600"
OREGON,41,UNION,61,,"SUNFLOWER, NON-OIL TYPE - PRODUCTION, MEASURED IN LB",0
OREGON,41,UNION,61,,"SUNFLOWER, OIL TYPE - PRODUCTION, MEASURED IN LB",0
OREGON,41,BENTON,3,,MEASURED IN LB,0
OREGON,41,BENTON,3,,"SUNFLOWER, NON-OIL TYPE - PRODUCTION, MEASURED IN LB",0
OREGON,41,MARION,47,,MEASURED IN LB,0
OREGON,41,MARION,47,,"SUNFLOWER, NON-OIL TYPE - PRODUCTION, MEASURED IN LB",0
PENNSYLVANIA,42,CENTRE,27,,MEASURED IN LB,"81,154"
PENNSYLVANIA,42,CENTRE,27,,"SUNFLOWER, OIL TYPE - PRODUCTION, MEASURED IN LB","81,154"
PENNSYLVANIA,42,JUNIATA,67,,MEASURED IN LB,0
PENNSYLVANIA,42,JUNIATA,67,,"SUNFLOWER, OIL TYPE - PRODUCTION, MEASURED IN LB",0
PENNSYLVANIA,42,NORTHUMBERLAND,97,,MEASURED IN LB,0
PENNSYLVANIA,42,NORTHUMBERLAND,97,,"SUNFLOWER, OIL TYPE - PRODUCTION, MEASURED IN LB",0
PENNSYLVANIA,42,PERRY,99,,MEASURED IN LB,0
PENNSYLVANIA,42,PERRY,99,,"SUNFLOWER, OIL TYPE - PRODUCTION, MEASURED IN LB",0
PENNSYLVANIA,42,SNYDER,109,,MEASURED IN LB,0
PENNSYLVANIA,42,SNYDER,109,,"SUNFLOWER, OIL TYPE - PRODUCTION, MEASURED IN LB",0
PENNSYLVANIA,42,UNION,119,,MEASURED IN LB,"64,300"
PENNSYLVANIA,42,UNION,119,,"SUNFLOWER, OIL TYPE - PRODUCTION, MEASURED IN LB","64,300"
PENNSYLVANIA,42,LEHIGH,77,,MEASURED IN LB,"1,300"
PENNSYLVANIA,42,LEHIGH,77,,"SUNFLOWER, NON-OIL TYPE - PRODUCTION, MEASURED IN LB",0
PENNSYLVANIA,42,LEHIGH,77,,"SUNFLOWER, OIL TYPE - PRODUCTION, MEASURED IN LB",0
PENNSYLVANIA,42,SCHUYLKILL,107,,MEASURED IN LB,0
PENNSYLVANIA,42,SCHUYLKILL,107,,"SUNFLOWER, OIL TYPE - PRODUCTION, MEASURED IN LB",0
PENNSYLVANIA,42,CLINTON,35,,MEASURED IN LB,0
PENNSYLVANIA,42,CLINTON,35,,"SUNFLOWER, OIL TYPE - PRODUCTION, MEASURED IN LB",0
PENNSYLVANIA,42,MCKEAN,83,,MEASURED IN LB,0
PENNSYLVANIA,42,MCKEAN,83,,"SUNFLOWER, NON-OIL TYPE - PRODUCTION, MEASURED IN LB",0
PENNSYLVANIA,42,WYOMING,131,,MEASURED IN LB,0
PENNSYLVANIA,42,WYOMING,131,,"SUNFLOWER, NON-OIL TYPE - PRODUCTION, MEASURED IN LB",0
PENNSYLVANIA,42,CRAWFORD,39,,MEASURED IN LB,0
PENNSYLVANIA,42,CRAWFORD,39,,"SUNFLOWER, OIL TYPE - PRODUCTION, MEASURED IN LB",0
PENNSYLVANIA,42,ERIE,49,,MEASURED IN LB,0
PENNSYLVANIA,42,ERIE,49,,"SUNFLOWER, OIL TYPE - PRODUCTION, MEASURED IN LB",0
PENNSYLVANIA,42,ADAMS,1,,MEASURED IN LB,0
PENNSYLVANIA,42,ADAMS,1,,"SUNFLOWER, NON-OIL TYPE - PRODUCTION, MEASURED IN LB",0
PENNSYLVANIA,42,BEDFORD,9,,MEASURED IN LB,0
PENNSYLVANIA,42,BEDFORD,9,,"SUNFLOWER, OIL TYPE - PRODUCTION, MEASURED IN LB",0
PENNSYLVANIA,42,FRANKLIN,55,,MEASURED IN LB,0
PENNSYLVANIA,42,FRANKLIN,55,,"SUNFLOWER, OIL TYPE - PRODUCTION, MEASURED IN LB",0
PENNSYLVANIA,42,FULTON,57,,MEASURED IN LB,0
PENNSYLVANIA,42,FULTON,57,,"SUNFLOWER, OIL TYPE - PRODUCTION, MEASURED IN LB",0
PENNSYLVANIA,42,YORK,133,,MEASURED IN LB,"311,972"
PENNSYLVANIA,42,YORK,133,,"SUNFLOWER, NON-OIL TYPE - PRODUCTION, MEASURED IN LB",0
PENNSYLVANIA,42,YORK,133,,"SUNFLOWER, OIL TYPE - PRODUCTION, MEASURED IN LB",0
PENNSYLVANIA,42,BERKS,11,,MEASURED IN LB,0
PENNSYLVANIA,42,BERKS,11,,"SUNFLOWER, NON-OIL TYPE - PRODUCTION, MEASURED IN LB",0
PENNSYLVANIA,42,ALLEGHENY,3,,MEASURED IN LB,0
PENNSYLVANIA,42,ALLEGHENY,3,,"SUNFLOWER, OIL TYPE - PRODUCTION, MEASURED IN LB",0
PENNSYLVANIA,42,FAYETTE,51,,MEASURED IN LB,0
PENNSYLVANIA,42,FAYETTE,51,,"SUNFLOWER, OIL TYPE - PRODUCTION, MEASURED IN LB",0
PENNSYLVANIA,42,WASHINGTON,125,,MEASURED IN LB,0
PENNSYLVANIA,42,WASHINGTON,125,,"SUNFLOWER, NON-OIL TYPE - PRODUCTION, MEASURED IN LB",0
PENNSYLVANIA,42,BUTLER,19,,MEASURED IN LB,0
PENNSYLVANIA,42,BUTLER,19,,"SUNFLOWER, NON-OIL TYPE - PRODUCTION, MEASURED IN LB",0
PENNSYLVANIA,42,CLARION,31,,MEASURED IN LB,0
PENNSYLVANIA,42,CLARION,31,,"SUNFLOWER, NON-OIL TYPE - PRODUCTION, MEASURED IN LB",0
PENNSYLVANIA,42,INDIANA,63,,MEASURED IN LB,0
PENNSYLVANIA,42,INDIANA,63,,"SUNFLOWER, OIL TYPE - PRODUCTION, MEASURED IN LB",0
SOUTH CAROLINA,45,CALHOUN,17,,MEASURED IN LB,0
SOUTH CAROLINA,45,CALHOUN,17,,"SUNFLOWER, NON-OIL TYPE - PRODUCTION, MEASURED IN LB",0
SOUTH CAROLINA,45,CLARENDON,27,,MEASURED IN LB,"10,800"
SOUTH CAROLINA,45,CLARENDON,27,,"SUNFLOWER, OIL TYPE - PRODUCTION, MEASURED IN LB","10,800"
SOUTH CAROLINA,45,ORANGEBURG,75,,MEASURED IN LB,0
SOUTH CAROLINA,45,ORANGEBURG,75,,"SUNFLOWER, OIL TYPE - PRODUCTION, MEASURED IN LB",0
SOUTH CAROLINA,45,RICHLAND,79,,MEASURED IN LB,"1,050"
SOUTH CAROLINA,45,RICHLAND,79,,"SUNFLOWER, NON-OIL TYPE - PRODUCTION, MEASURED IN LB","1,050"
SOUTH CAROLINA,45,DARLINGTON,31,,MEASURED IN LB,0
SOUTH CAROLINA,45,DARLINGTON,31,,"SUNFLOWER, NON-OIL TYPE - PRODUCTION, MEASURED IN LB",0
SOUTH CAROLINA,45,FLORENCE,41,,MEASURED IN LB,"2,000"
SOUTH CAROLINA,45,FLORENCE,41,,"SUNFLOWER, NON-OIL TYPE - PRODUCTION, MEASURED IN LB","2,000"
SOUTH CAROLINA,45,KERSHAW,55,,MEASURED IN LB,"131,280"
SOUTH CAROLINA,45,KERSHAW,55,,"SUNFLOWER, NON-OIL TYPE - PRODUCTION, MEASURED IN LB",0
SOUTH CAROLINA,45,KERSHAW,55,,"SUNFLOWER, OIL TYPE - PRODUCTION, MEASURED IN LB",0
SOUTH CAROLINA,45,GREENVILLE,45,,MEASURED IN LB,0
SOUTH CAROLINA,45,GREENVILLE,45,,"SUNFLOWER, OIL TYPE - PRODUCTION, MEASURED IN LB",0
SOUTH CAROLINA,45,LAURENS,59,,MEASURED IN LB,"30,400"
SOUTH CAROLINA,45,LAURENS,59,,"SUNFLOWER, NON-OIL TYPE - PRODUCTION, MEASURED IN LB",400
SOUTH CAROLINA,45,LAURENS,59,,"SUNFLOWER, OIL TYPE - PRODUCTION, MEASURED IN LB","30,000"
SOUTH CAROLINA,45,OCONEE,73,,MEASURED IN LB,0
SOUTH CAROLINA,45,OCONEE,73,,"SUNFLOWER, OIL TYPE - PRODUCTION, MEASURED IN LB",0
SOUTH CAROLINA,45,ALLENDALE,5,,MEASURED IN LB,"13,000"
SOUTH CAROLINA,45,ALLENDALE,5,,"SUNFLOWER, NON-OIL TYPE - PRODUCTION, MEASURED IN LB","13,000"
SOUTH CAROLINA,45,BARNWELL,11,,MEASURED IN LB,0
SOUTH CAROLINA,45,BARNWELL,11,,"SUNFLOWER, NON-OIL TYPE - PRODUCTION, MEASURED IN LB",0
SOUTH CAROLINA,45,DORCHESTER,35,,MEASURED IN LB,0
SOUTH CAROLINA,45,DORCHESTER,35,,"SUNFLOWER, OIL TYPE - PRODUCTION, MEASURED IN LB",0
SOUTH CAROLINA,45,ABBEVILLE,1,,MEASURED IN LB,0
SOUTH CAROLINA,45,ABBEVILLE,1,,"SUNFLOWER, NON-OIL TYPE - PRODUCTION, MEASURED IN LB",0
SOUTH CAROLINA,45,ABBEVILLE,1,,"SUNFLOWER, OIL TYPE - PRODUCTION, MEASURED IN LB",0
SOUTH CAROLINA,45,AIKEN,3,,MEASURED IN LB,0
SOUTH CAROLINA,45,AIKEN,3,,"SUNFLOWER, NON-OIL TYPE - PRODUCTION, MEASURED IN LB",0
SOUTH CAROLINA,45,MCCORMICK,65,,MEASURED IN LB,0
SOUTH CAROLINA,45,MCCORMICK,65,,"SUNFLOWER, NON-OIL TYPE - PRODUCTION, MEASURED IN LB",0
SOUTH DAKOTA,46,AURORA,3,,MEASURED IN LB,"5,252,488"
SOUTH DAKOTA,46,AURORA,3,,"SUNFLOWER, NON-OIL TYPE - PRODUCTION, MEASURED IN LB",0
SOUTH DAKOTA,46,AURORA,3,,"SUNFLOWER, OIL TYPE - PRODUCTION, MEASURED IN LB",0
SOUTH DAKOTA,46,BEADLE,5,,MEASURED IN LB,"2,417,405"
SOUTH DAKOTA,46,BEADLE,5,,"SUNFLOWER, NON-OIL TYPE - PRODUCTION, MEASURED IN LB","1,643,520"
SOUTH DAKOTA,46,BEADLE,5,,"SUNFLOWER, OIL TYPE - PRODUCTION, MEASURED IN LB","773,885"
SOUTH DAKOTA,46,BRULE,15,,MEASURED IN LB,"507,453"
SOUTH DAKOTA,46,BRULE,15,,"SUNFLOWER, NON-OIL TYPE - PRODUCTION, MEASURED IN LB",0
SOUTH DAKOTA,46,BRULE,15,,"SUNFLOWER, OIL TYPE - PRODUCTION, MEASURED IN LB",0
SOUTH DAKOTA,46,BUFFALO,17,,MEASURED IN LB,"7,717,489"
SOUTH DAKOTA,46,BUFFALO,17,,"SUNFLOWER, NON-OIL TYPE - PRODUCTION, MEASURED IN LB","750,000"
SOUTH DAKOTA,46,BUFFALO,17,,"SUNFLOWER, OIL TYPE - PRODUCTION, MEASURED IN LB","6,967,489"
SOUTH DAKOTA,46,HAND,59,,MEASURED IN LB,"33,599,924"
SOUTH DAKOTA,46,HAND,59,,"SUNFLOWER, NON-OIL TYPE - PRODUCTION, MEASURED IN LB","14,204,265"
SOUTH DAKOTA,46,HAND,59,,"SUNFLOWER, OIL TYPE - PRODUCTION, MEASURED IN LB","19,395,659"
SOUTH DAKOTA,46,HUGHES,65,,MEASURED IN LB,"78,797,977"
SOUTH DAKOTA,46,HUGHES,65,,"SUNFLOWER, NON-OIL TYPE - PRODUCTION, MEASURED IN LB","1,806,544"
SOUTH DAKOTA,46,HUGHES,65,,"SUNFLOWER, OIL TYPE - PRODUCTION, MEASURED IN LB","76,991,433"
SOUTH DAKOTA,46,HYDE,69,,MEASURED IN LB,"61,941,116"
SOUTH DAKOTA,46,HYDE,69,,"SUNFLOWER, NON-OIL TYPE - PRODUCTION, MEASURED IN LB","7,465,589"
SOUTH DAKOTA,46,HYDE,69,,"SUNFLOWER, OIL TYPE - PRODUCTION, MEASURED IN LB","54,475,527"
SOUTH DAKOTA,46,JERAULD,73,,MEASURED IN LB,"9,629,900"
SOUTH DAKOTA,46,JERAULD,73,,"SUNFLOWER, OIL TYPE - PRODUCTION, MEASURED IN LB","9,629,900"
SOUTH DAKOTA,46,SULLY,119,,MEASURED IN LB,"235,054,617"
SOUTH DAKOTA,46,SULLY,119,,"SUNFLOWER, NON-OIL TYPE - PRODUCTION, MEASURED IN LB","42,371,566"
SOUTH DAKOTA,46,SULLY,119,,"SUNFLOWER, OIL TYPE - PRODUCTION, MEASURED IN LB","192,683,051"
SOUTH DAKOTA,46,BROOKINGS,11,,MEASURED IN LB,0
SOUTH DAKOTA,46,BROOKINGS,11,,"SUNFLOWER, OIL TYPE - PRODUCTION, MEASURED IN LB",0
SOUTH DAKOTA,46,DAVISON,35,,MEASURED IN LB,0
SOUTH DAKOTA,46,DAVISON,35,,"SUNFLOWER, NON-OIL TYPE - PRODUCTION, MEASURED IN LB",0
SOUTH DAKOTA,46,KINGSBURY,77,,MEASURED IN LB,0
SOUTH DAKOTA,46,KINGSBURY,77,,"SUNFLOWER, OIL TYPE - PRODUCTION, MEASURED IN LB",0
SOUTH DAKOTA,46,SANBORN,111,,MEASURED IN LB,"2,035,049"
SOUTH DAKOTA,46,SANBORN,111,,"SUNFLOWER, OIL TYPE - PRODUCTION, MEASURED IN LB","2,035,049"
SOUTH DAKOTA,46,BROWN,13,,MEASURED IN LB,"852,000"
SOUTH DAKOTA,46,BROWN,13,,"SUNFLOWER, NON-OIL TYPE - PRODUCTION, MEASURED IN LB",0
SOUTH DAKOTA,46,BROWN,13,,"SUNFLOWER, OIL TYPE - PRODUCTION, MEASURED IN LB",0
SOUTH DAKOTA,46,CAMPBELL,21,,MEASURED IN LB,"21,996,840"
SOUTH DAKOTA,46,CAMPBELL,21,,"SUNFLOWER, NON-OIL TYPE - PRODUCTION, MEASURED IN LB",0
SOUTH DAKOTA,46,CAMPBELL,21,,"SUNFLOWER, OIL TYPE - PRODUCTION, MEASURED IN LB",0
SOUTH DAKOTA,46,EDMUNDS,45,,MEASURED IN LB,"5,274,168"
SOUTH DAKOTA,46,EDMUNDS,45,,"SUNFLOWER, NON-OIL TYPE - PRODUCTION, MEASURED IN LB",0
SOUTH DAKOTA,46,EDMUNDS,45,,"SUNFLOWER, OIL TYPE - PRODUCTION, MEASURED IN LB",0
SOUTH DAKOTA,46,FAULK,49,,MEASURED IN LB,"9,751,942"
SOUTH DAKOTA,46,FAULK,49,,"SUNFLOWER, NON-OIL TYPE - PRODUCTION, MEASURED IN LB","4,702,104"
SOUTH DAKOTA,46,FAULK,49,,"SUNFLOWER, OIL TYPE - PRODUCTION, MEASURED IN LB","5,049,838"
SOUTH DAKOTA,46,MCPHERSON,89,,MEASURED IN LB,"11,374,602"
SOUTH DAKOTA,46,MCPHERSON,89,,"SUNFLOWER, NON-OIL TYPE - PRODUCTION, MEASURED IN LB",0
SOUTH DAKOTA,46,MCPHERSON,89,,"SUNFLOWER, OIL TYPE - PRODUCTION, MEASURED IN LB",0
SOUTH DAKOTA,46,POTTER,107,,MEASURED IN LB,"87,232,329"
SOUTH DAKOTA,46,POTTER,107,,"SUNFLOWER, NON-OIL TYPE - PRODUCTION, MEASURED IN LB","20,641,539"
SOUTH DAKOTA,46,POTTER,107,,"SUNFLOWER, OIL TYPE - PRODUCTION, MEASURED IN LB","66,590,790"
SOUTH DAKOTA,46,SPINK,115,,MEASURED IN LB,"9,123,948"
SOUTH DAKOTA,46,SPINK,115,,"SUNFLOWER, NON-OIL TYPE - PRODUCTION, MEASURED IN LB","5,665,690"
SOUTH DAKOTA,46,SPINK,115,,"SUNFLOWER, OIL TYPE - PRODUCTION, MEASURED IN LB","3,458,258"
SOUTH DAKOTA,46,WALWORTH,129,,MEASURED IN LB,"18,570,669"
SOUTH DAKOTA,46,WALWORTH,129,,"SUNFLOWER, NON-OIL TYPE - PRODUCTION, MEASURED IN LB",0
SOUTH DAKOTA,46,WALWORTH,129,,"SUNFLOWER, OIL TYPE - PRODUCTION, MEASURED IN LB",0
SOUTH DAKOTA,46,CLARK,25,,MEASURED IN LB,"2,600,000"
SOUTH DAKOTA,46,CLARK,25,,"SUNFLOWER, NON-OIL TYPE - PRODUCTION, MEASURED IN LB","2,600,000"
SOUTH DAKOTA,46,DAY,37,,MEASURED IN LB,"3,927,958"
SOUTH DAKOTA,46,DAY,37,,"SUNFLOWER, OIL TYPE - PRODUCTION, MEASURED IN LB","3,927,958"
SOUTH DAKOTA,46,GRANT,51,,MEASURED IN LB,0
SOUTH DAKOTA,46,GRANT,51,,"SUNFLOWER, OIL TYPE - PRODUCTION, MEASURED IN LB",0
SOUTH DAKOTA,46,HAMLIN,57,,MEASURED IN LB,0
SOUTH DAKOTA,46,HAMLIN,57,,"SUNFLOWER, OIL TYPE - PRODUCTION, MEASURED IN LB",0
SOUTH DAKOTA,46,MARSHALL,91,,MEASURED IN LB,0
SOUTH DAKOTA,46,MARSHALL,91,,"SUNFLOWER, OIL TYPE - PRODUCTION, MEASURED IN LB",0
SOUTH DAKOTA,46,ROBERTS,109,,MEASURED IN LB,"675,000"
SOUTH DAKOTA,46,ROBERTS,109,,"SUNFLOWER, NON-OIL TYPE - PRODUCTION, MEASURED IN LB","675,000"
SOUTH DAKOTA,46,CORSON,31,,MEASURED IN LB,"71,295,436"
SOUTH DAKOTA,46,CORSON,31,,"SUNFLOWER, NON-OIL TYPE - PRODUCTION, MEASURED IN LB","4,740,577"
SOUTH DAKOTA,46,CORSON,31,,"SUNFLOWER, OIL TYPE - PRODUCTION, MEASURED IN LB","66,554,859"
SOUTH DAKOTA,46,DEWEY,41,,MEASURED IN LB,"23,233,500"
SOUTH DAKOTA,46,DEWEY,41,,"SUNFLOWER, NON-OIL TYPE - PRODUCTION, MEASURED IN LB",0
SOUTH DAKOTA,46,DEWEY,41,,"SUNFLOWER, OIL TYPE - PRODUCTION, MEASURED IN LB",0
SOUTH DAKOTA,46,HARDING,63,,MEASURED IN LB,"2,486,400"
SOUTH DAKOTA,46,HARDING,63,,"SUNFLOWER, OIL TYPE - PRODUCTION, MEASURED IN LB","2,486,400"
SOUTH DAKOTA,46,PERKINS,105,,MEASURED IN LB,"6,964,041"
SOUTH DAKOTA,46,PERKINS,105,,"SUNFLOWER, OIL TYPE - PRODUCTION, MEASURED IN LB","6,964,041"
SOUTH DAKOTA,46,ZIEBACH,137,,MEASURED IN LB,"46,936,618"
SOUTH DAKOTA,46,ZIEBACH,137,,"SUNFLOWER, NON-OIL TYPE - PRODUCTION, MEASURED IN LB","3,250,000"
SOUTH DAKOTA,46,ZIEBACH,137,,"SUNFLOWER, OIL TYPE - PRODUCTION, MEASURED IN LB","43,686,618"
SOUTH DAKOTA,46,GREGORY,53,,MEASURED IN LB,"1,219,617"
SOUTH DAKOTA,46,GREGORY,53,,"SUNFLOWER, OIL TYPE - PRODUCTION, MEASURED IN LB","1,219,617"
SOUTH DAKOTA,46,JONES,75,,MEASURED IN LB,"47,585,721"
SOUTH DAKOTA,46,JONES,75,,"SUNFLOWER, NON-OIL TYPE - PRODUCTION, MEASURED IN LB","5,078,014"
SOUTH DAKOTA,46,JONES,75,,"SUNFLOWER, OIL TYPE - PRODUCTION, MEASURED IN LB","42,507,707"
SOUTH DAKOTA,46,LYMAN,85,,MEASURED IN LB,"47,348,224"
SOUTH DAKOTA,46,LYMAN,85,,"SUNFLOWER, NON-OIL TYPE - PRODUCTION, MEASURED IN LB","2,980,100"
SOUTH DAKOTA,46,LYMAN,85,,"SUNFLOWER, OIL TYPE - PRODUCTION, MEASURED IN LB","44,368,124"
SOUTH DAKOTA,46,MELLETTE,95,,MEASURED IN LB,"4,704,400"
SOUTH DAKOTA,46,MELLETTE,95,,"SUNFLOWER, OIL TYPE - PRODUCTION, MEASURED IN LB","4,704,400"
SOUTH DAKOTA,46,TODD,121,,MEASURED IN LB,"7,257,392"
SOUTH DAKOTA,46,TODD,121,,"SUNFLOWER, OIL TYPE - PRODUCTION, MEASURED IN LB","7,257,392"
SOUTH DAKOTA,46,TRIPP,123,,MEASURED IN LB,"8,168,620"
SOUTH DAKOTA,46,TRIPP,123,,"SUNFLOWER, NON-OIL TYPE - PRODUCTION, MEASURED IN LB","1,700,000"
SOUTH DAKOTA,46,TRIPP,123,,"SUNFLOWER, OIL TYPE - PRODUCTION, MEASURED IN LB","6,468,620"
SOUTH DAKOTA,46,CHARLES MIX,23,,MEASURED IN LB,"5,593,325"
SOUTH DAKOTA,46,CHARLES MIX,23,,"SUNFLOWER, NON-OIL TYPE - PRODUCTION, MEASURED IN LB",0
SOUTH DAKOTA,46,CHARLES MIX,23,,"SUNFLOWER, OIL TYPE - PRODUCTION, MEASURED IN LB",0
SOUTH DAKOTA,46,DOUGLAS,43,,MEASURED IN LB,0
SOUTH DAKOTA,46,DOUGLAS,43,,"SUNFLOWER, NON-OIL TYPE - PRODUCTION, MEASURED IN LB",0
SOUTH DAKOTA,46,TURNER,125,,MEASURED IN LB,0
SOUTH DAKOTA,46,TURNER,125,,"SUNFLOWER, OIL TYPE - PRODUCTION, MEASURED IN LB",0
SOUTH DAKOTA,46,YANKTON,135,,MEASURED IN LB,0
SOUTH DAKOTA,46,YANKTON,135,,"SUNFLOWER, NON-OIL TYPE - PRODUCTION, MEASURED IN LB",0
SOUTH DAKOTA,46,BENNETT,7,,MEASURED IN LB,"23,859,940"
SOUTH DAKOTA,46,BENNETT,7,,"SUNFLOWER, OIL TYPE - PRODUCTION, MEASURED IN LB","23,859,940"
SOUTH DAKOTA,46,CUSTER,33,,MEASURED IN LB,"545,652"
SOUTH DAKOTA,46,CUSTER,33,,"SUNFLOWER, OIL TYPE - PRODUCTION, MEASURED IN LB","545,652"
SOUTH DAKOTA,46,FALL RIVER,47,,MEASURED IN LB,"990,000"
SOUTH DAKOTA,46,FALL RIVER,47,,"SUNFLOWER, OIL TYPE - PRODUCTION, MEASURED IN LB","990,000"
SOUTH DAKOTA,46,OGLALA LAKOTA,102,,MEASURED IN LB,"3,616,023"
SOUTH DAKOTA,46,OGLALA LAKOTA,102,,"SUNFLOWER, OIL TYPE - PRODUCTION, MEASURED IN LB","3,616,023"
SOUTH DAKOTA,46,HAAKON,55,,MEASURED IN LB,"25,767,639"
SOUTH DAKOTA,46,HAAKON,55,,"SUNFLOWER, NON-OIL TYPE - PRODUCTION, MEASURED IN LB",0
SOUTH DAKOTA,46,HAAKON,55,,"SUNFLOWER, OIL TYPE - PRODUCTION, MEASURED IN LB",0
SOUTH DAKOTA,46,JACKSON,71,,MEASURED IN LB,"4,881,644"
SOUTH DAKOTA,46,JACKSON,71,,"SUNFLOWER, NON-OIL TYPE - PRODUCTION, MEASURED IN LB","452,000"
SOUTH DAKOTA,46,JACKSON,71,,"SUNFLOWER, OIL TYPE - PRODUCTION, MEASURED IN LB","4,429,644"
SOUTH DAKOTA,46,MEADE,93,,MEASURED IN LB,"5,177,000"
SOUTH DAKOTA,46,MEADE,93,,"SUNFLOWER, OIL TYPE - PRODUCTION, MEASURED IN LB","5,177,000"
SOUTH DAKOTA,46,PENNINGTON,103,,MEASURED IN LB,"9,029,000"
SOUTH DAKOTA,46,PENNINGTON,103,,"SUNFLOWER, NON-OIL TYPE - PRODUCTION, MEASURED IN LB",0
SOUTH DAKOTA,46,PENNINGTON,103,,"SUNFLOWER, OIL TYPE - PRODUCTION, MEASURED IN LB",0
SOUTH DAKOTA,46,STANLEY,117,,MEASURED IN LB,"28,722,232"
SOUTH DAKOTA,46,STANLEY,117,,"SUNFLOWER, NON-OIL TYPE - PRODUCTION, MEASURED IN LB","1,113,440"
SOUTH DAKOTA,46,STANLEY,117,,"SUNFLOWER, OIL TYPE - PRODUCTION, MEASURED IN LB","27,608,792"
TENNESSEE,47,RUTHERFORD,149,,MEASURED IN LB,0
TENNESSEE,47,RUTHERFORD,149,,"SUNFLOWER, NON-OIL TYPE - PRODUCTION, MEASURED IN LB",0
TENNESSEE,47,HARDIN,71,,MEASURED IN LB,0
TENNESSEE,47,HARDIN,71,,"SUNFLOWER, NON-OIL TYPE - PRODUCTION, MEASURED IN LB",0
TENNESSEE,47,HAYWOOD,75,,MEASURED IN LB,0
TENNESSEE,47,HAYWOOD,75,,"SUNFLOWER, OIL TYPE - PRODUCTION, MEASURED IN LB",0
TEXAS,48,CORYELL,99,,MEASURED IN LB,"470,164"
TEXAS,48,CORYELL,99,,"SUNFLOWER, OIL TYPE - PRODUCTION, MEASURED IN LB","470,164"
TEXAS,48,DENTON,121,,MEASURED IN LB,0
TEXAS,48,DENTON,121,,"SUNFLOWER, OIL TYPE - PRODUCTION, MEASURED IN LB",0
TEXAS,48,ELLIS,139,,MEASURED IN LB,"10,447,340"
TEXAS,48,ELLIS,139,,"SUNFLOWER, OIL TYPE - PRODUCTION, MEASURED IN LB","10,447,340"
TEXAS,48,FALLS,145,,MEASURED IN LB,0
TEXAS,48,FALLS,145,,"SUNFLOWER, OIL TYPE - PRODUCTION, MEASURED IN LB",0
TEXAS,48,LIMESTONE,293,,MEASURED IN LB,"395,125"
TEXAS,48,LIMESTONE,293,,"SUNFLOWER, NON-OIL TYPE - PRODUCTION, MEASURED IN LB",0
TEXAS,48,LIMESTONE,293,,"SUNFLOWER, OIL TYPE - PRODUCTION, MEASURED IN LB",0
TEXAS,48,MILAM,331,,MEASURED IN LB,0
TEXAS,48,MILAM,331,,"SUNFLOWER, OIL TYPE - PRODUCTION, MEASURED IN LB",0
TEXAS,48,NAVARRO,349,,MEASURED IN LB,"1,923,600"
TEXAS,48,NAVARRO,349,,"SUNFLOWER, OIL TYPE - PRODUCTION, MEASURED IN LB","1,923,600"
TEXAS,48,TARRANT,439,,MEASURED IN LB,0
TEXAS,48,TARRANT,439,,"SUNFLOWER, OIL TYPE - PRODUCTION, MEASURED IN LB",0
TEXAS,48,ANDERSON,1,,MEASURED IN LB,0
TEXAS,48,ANDERSON,1,,"SUNFLOWER, NON-OIL TYPE - PRODUCTION, MEASURED IN LB",0
TEXAS,48,NACOGDOCHES,347,,MEASURED IN LB,0
TEXAS,48,NACOGDOCHES,347,,"SUNFLOWER, NON-OIL TYPE - PRODUCTION, MEASURED IN LB",0
TEXAS,48,UVALDE,463,,MEASURED IN LB,"438,574"
TEXAS,48,UVALDE,463,,"SUNFLOWER, NON-OIL TYPE - PRODUCTION, MEASURED IN LB",0
TEXAS,48,UVALDE,463,,"SUNFLOWER, OIL TYPE - PRODUCTION, MEASURED IN LB",0
TEXAS,48,CAMERON,61,,MEASURED IN LB,0
TEXAS,48,CAMERON,61,,"SUNFLOWER, OIL TYPE - PRODUCTION, MEASURED IN LB",0
TEXAS,48,HIDALGO,215,,MEASURED IN LB,"6,996,800"
TEXAS,48,HIDALGO,215,,"SUNFLOWER, OIL TYPE - PRODUCTION, MEASURED IN LB","6,996,800"
TEXAS,48,STARR,427,,MEASURED IN LB,0
TEXAS,48,STARR,427,,"SUNFLOWER, OIL TYPE - PRODUCTION, MEASURED IN LB",0
TEXAS,48,CASTRO,69,,MEASURED IN LB,0
TEXAS,48,CASTRO,69,,"SUNFLOWER, NON-OIL TYPE - PRODUCTION, MEASURED IN LB",0
TEXAS,48,DALLAM,111,,MEASURED IN LB,"6,213,345"
TEXAS,48,DALLAM,111,,"SUNFLOWER, NON-OIL TYPE - PRODUCTION, MEASURED IN LB",0
TEXAS,48,DALLAM,111,,"SUNFLOWER, OIL TYPE - PRODUCTION, MEASURED IN LB",0
TEXAS,48,DEAF SMITH,117,,MEASURED IN LB,"5,274,600"
TEXAS,48,DEAF SMITH,117,,"SUNFLOWER, NON-OIL TYPE - PRODUCTION, MEASURED IN LB",0
TEXAS,48,DEAF SMITH,117,,"SUNFLOWER, OIL TYPE - PRODUCTION, MEASURED IN LB",0
TEXAS,48,FLOYD,153,,MEASURED IN LB,0
TEXAS,48,FLOYD,153,,"SUNFLOWER, NON-OIL TYPE - PRODUCTION, MEASURED IN LB",0
TEXAS,48,HALE,189,,MEASURED IN LB,"2,303,100"
TEXAS,48,HALE,189,,"SUNFLOWER, NON-OIL TYPE - PRODUCTION, MEASURED IN LB",0
TEXAS,48,HALE,189,,"SUNFLOWER, OIL TYPE - PRODUCTION, MEASURED IN LB",0
TEXAS,48,LIPSCOMB,295,,MEASURED IN LB,0
TEXAS,48,LIPSCOMB,295,,"SUNFLOWER, OIL TYPE - PRODUCTION, MEASURED IN LB",0
TEXAS,48,MOORE,341,,MEASURED IN LB,"3,015,815"
TEXAS,48,MOORE,341,,"SUNFLOWER, OIL TYPE - PRODUCTION, MEASURED IN LB","3,015,815"
TEXAS,48,FAYETTE,149,,MEASURED IN LB,0
TEXAS,48,FAYETTE,149,,"SUNFLOWER, NON-OIL TYPE - PRODUCTION, MEASURED IN LB",0
TEXAS,48,MEDINA,325,,MEASURED IN LB,0
TEXAS,48,MEDINA,325,,"SUNFLOWER, OIL TYPE - PRODUCTION, MEASURED IN LB",0
TEXAS,48,JIM WELLS,249,,MEASURED IN LB,0
TEXAS,48,JIM WELLS,249,,"SUNFLOWER, OIL TYPE - PRODUCTION, MEASURED IN LB",0
TEXAS,48,ZAVALA,507,,MEASURED IN LB,"253,176"
TEXAS,48,ZAVALA,507,,"SUNFLOWER, OIL TYPE - PRODUCTION, MEASURED IN LB","253,176"
TEXAS,48,BAILEY,17,,MEASURED IN LB,0
TEXAS,48,BAILEY,17,,"SUNFLOWER, NON-OIL TYPE - PRODUCTION, MEASURED IN LB",0
TEXAS,48,CROSBY,107,,MEASURED IN LB,0
TEXAS,48,CROSBY,107,,"SUNFLOWER, NON-OIL TYPE - PRODUCTION, MEASURED IN LB",0
TEXAS,48,LAMB,279,,MEASURED IN LB,0
TEXAS,48,LAMB,279,,"SUNFLOWER, NON-OIL TYPE - PRODUCTION, MEASURED IN LB",0
TEXAS,48,LUBBOCK,303,,MEASURED IN LB,"5,302,167"
TEXAS,48,LUBBOCK,303,,"SUNFLOWER, NON-OIL TYPE - PRODUCTION, MEASURED IN LB","2,811,225"
TEXAS,48,LUBBOCK,303,,"SUNFLOWER, OIL TYPE - PRODUCTION, MEASURED IN LB","2,490,942"
TEXAS,48,LYNN,305,,MEASURED IN LB,"2,153,350"
TEXAS,48,LYNN,305,,"SUNFLOWER, NON-OIL TYPE - PRODUCTION, MEASURED IN LB",0
TEXAS,48,LYNN,305,,"SUNFLOWER, OIL TYPE - PRODUCTION, MEASURED IN LB",0
TEXAS,48,MARTIN,317,,MEASURED IN LB,"1,298,000"
TEXAS,48,MARTIN,317,,"SUNFLOWER, NON-OIL TYPE - PRODUCTION, MEASURED IN LB",0
TEXAS,48,MARTIN,317,,"SUNFLOWER, OIL TYPE - PRODUCTION, MEASURED IN LB",0
TEXAS,48,TERRY,445,,MEASURED IN LB,0
TEXAS,48,TERRY,445,,"SUNFLOWER, NON-OIL TYPE - PRODUCTION, MEASURED IN LB",0
TEXAS,48,TERRY,445,,"SUNFLOWER, OIL TYPE - PRODUCTION, MEASURED IN LB",0
TEXAS,48,YOAKUM,501,,MEASURED IN LB,"2,395,781"
TEXAS,48,YOAKUM,501,,"SUNFLOWER, NON-OIL TYPE - PRODUCTION, MEASURED IN LB",0
TEXAS,48,YOAKUM,501,,"SUNFLOWER, OIL TYPE - PRODUCTION, MEASURED IN LB",0
TEXAS,48,RUNNELS,399,,MEASURED IN LB,"1,582,500"
TEXAS,48,RUNNELS,399,,"SUNFLOWER, OIL TYPE - PRODUCTION, MEASURED IN LB","1,582,500"
UTAH,49,UTAH,49,,MEASURED IN LB,0
UTAH,49,UTAH,49,,"SUNFLOWER, NON-OIL TYPE - PRODUCTION, MEASURED IN LB",0
UTAH,49,CACHE,5,,MEASURED IN LB,0
UTAH,49,CACHE,5,,"SUNFLOWER, NON-OIL TYPE - PRODUCTION, MEASURED IN LB",0
VERMONT,50,GRAND ISLE,13,,MEASURED IN LB,0
VERMONT,50,GRAND ISLE,13,,"SUNFLOWER, NON-OIL TYPE - PRODUCTION, MEASURED IN LB",0
VIRGINIA,51,KING WILLIAM,101,,MEASURED IN LB,"25,200"
VIRGINIA,51,KING WILLIAM,101,,"SUNFLOWER, OIL TYPE - PRODUCTION, MEASURED IN LB","25,200"
VIRGINIA,51,PRINCE WILLIAM,153,,MEASURED IN LB,0
VIRGINIA,51,PRINCE WILLIAM,153,,"SUNFLOWER, OIL TYPE - PRODUCTION, MEASURED IN LB",0
VIRGINIA,51,ROCKINGHAM,165,,MEASURED IN LB,0
VIRGINIA,51,ROCKINGHAM,165,,"SUNFLOWER, OIL TYPE - PRODUCTION, MEASURED IN LB",0
VIRGINIA,51,MECKLENBURG,117,,MEASURED IN LB,0
VIRGINIA,51,MECKLENBURG,117,,"SUNFLOWER, OIL TYPE - PRODUCTION, MEASURED IN LB",0
VIRGINIA,51,FRANKLIN,67,,MEASURED IN LB,0
VIRGINIA,51,FRANKLIN,67,,"SUNFLOWER, OIL TYPE - PRODUCTION, MEASURED IN LB",0
VIRGINIA,51,BOTETOURT,23,,MEASURED IN LB,0
VIRGINIA,51,BOTETOURT,23,,"SUNFLOWER, OIL TYPE - PRODUCTION, MEASURED IN LB",0
WASHINGTON,53,KITTITAS,37,,MEASURED IN LB,0
WASHINGTON,53,KITTITAS,37,,"SUNFLOWER, OIL TYPE - PRODUCTION, MEASURED IN LB",0
WASHINGTON,53,OKANOGAN,47,,MEASURED IN LB,0
WASHINGTON,53,OKANOGAN,47,,"SUNFLOWER, OIL TYPE - PRODUCTION, MEASURED IN LB",0
WASHINGTON,53,ADAMS,1,,MEASURED IN LB,"492,404"
WASHINGTON,53,ADAMS,1,,"SUNFLOWER, NON-OIL TYPE - PRODUCTION, MEASURED IN LB",0
WASHINGTON,53,ADAMS,1,,"SUNFLOWER, OIL TYPE - PRODUCTION, MEASURED IN LB",0
WASHINGTON,53,FRANKLIN,21,,MEASURED IN LB,0
WASHINGTON,53,FRANKLIN,21,,"SUNFLOWER, NON-OIL TYPE - PRODUCTION, MEASURED IN LB",0
WASHINGTON,53,FRANKLIN,21,,"SUNFLOWER, OIL TYPE - PRODUCTION, MEASURED IN LB",0
WASHINGTON,53,GRANT,25,,MEASURED IN LB,"1,569,053"
WASHINGTON,53,GRANT,25,,"SUNFLOWER, NON-OIL TYPE - PRODUCTION, MEASURED IN LB","230,053"
WASHINGTON,53,GRANT,25,,"SUNFLOWER, OIL TYPE - PRODUCTION, MEASURED IN LB","1,339,000"
WASHINGTON,53,SPOKANE,63,,MEASURED IN LB,"704,364"
WASHINGTON,53,SPOKANE,63,,"SUNFLOWER, OIL TYPE - PRODUCTION, MEASURED IN LB","704,364"
WASHINGTON,53,STEVENS,65,,MEASURED IN LB,"812,072"
WASHINGTON,53,STEVENS,65,,"SUNFLOWER, NON-OIL TYPE - PRODUCTION, MEASURED IN LB",0
WASHINGTON,53,STEVENS,65,,"SUNFLOWER, OIL TYPE - PRODUCTION, MEASURED IN LB",0
WASHINGTON,53,WALLA WALLA,71,,MEASURED IN LB,0
WASHINGTON,53,WALLA WALLA,71,,"SUNFLOWER, NON-OIL TYPE - PRODUCTION, MEASURED IN LB",0
WASHINGTON,53,WHITMAN,75,,MEASURED IN LB,"674,570"
WASHINGTON,53,WHITMAN,75,,"SUNFLOWER, OIL TYPE - PRODUCTION, MEASURED IN LB","674,570"
WEST VIRGINIA,54,BERKELEY,3,,MEASURED IN LB,0
WEST VIRGINIA,54,BERKELEY,3,,"SUNFLOWER, NON-OIL TYPE - PRODUCTION, MEASURED IN LB",0
WEST VIRGINIA,54,JEFFERSON,37,,MEASURED IN LB,0
WEST VIRGINIA,54,JEFFERSON,37,,"SUNFLOWER, OIL TYPE - PRODUCTION, MEASURED IN LB",0
WEST VIRGINIA,54,MORGAN,65,,MEASURED IN LB,0
WEST VIRGINIA,54,MORGAN,65,,"SUNFLOWER, OIL TYPE - PRODUCTION, MEASURED IN LB",0
WISCONSIN,55,WAUSHARA,137,,MEASURED IN LB,0
WISCONSIN,55,WAUSHARA,137,,"SUNFLOWER, NON-OIL TYPE - PRODUCTION, MEASURED IN LB",0
WISCONSIN,55,FOND DU LAC,39,,MEASURED IN LB,"216,000"
WISCONSIN,55,FOND DU LAC,39,,"SUNFLOWER, OIL TYPE - PRODUCTION, MEASURED IN LB","216,000"
WISCONSIN,55,KEWAUNEE,61,,MEASURED IN LB,0
WISCONSIN,55,KEWAUNEE,61,,"SUNFLOWER, OIL TYPE - PRODUCTION, MEASURED IN LB",0
WISCONSIN,55,WINNEBAGO,139,,MEASURED IN LB,0
WISCONSIN,55,WINNEBAGO,139,,"SUNFLOWER, OIL TYPE - PRODUCTION, MEASURED IN LB",0
WISCONSIN,55,MARATHON,73,,MEASURED IN LB,0
WISCONSIN,55,MARATHON,73,,"SUNFLOWER, OIL TYPE - PRODUCTION, MEASURED IN LB",0
WISCONSIN,55,ONEIDA,85,,MEASURED IN LB,0
WISCONSIN,55,ONEIDA,85,,"SUNFLOWER, OIL TYPE - PRODUCTION, MEASURED IN LB",0
WISCONSIN,55,MARINETTE,75,,MEASURED IN LB,0
WISCONSIN,55,MARINETTE,75,,"SUNFLOWER, OIL TYPE - PRODUCTION, MEASURED IN LB",0
WISCONSIN,55,OCONTO,83,,MEASURED IN LB,0
WISCONSIN,55,OCONTO,83,,"SUNFLOWER, OIL TYPE - PRODUCTION, MEASURED IN LB",0
WISCONSIN,55,BAYFIELD,7,,MEASURED IN LB,0
WISCONSIN,55,BAYFIELD,7,,"SUNFLOWER, OIL TYPE - PRODUCTION, MEASURED IN LB",0
WISCONSIN,55,BURNETT,13,,MEASURED IN LB,0
WISCONSIN,55,BURNETT,13,,"SUNFLOWER, OIL TYPE - PRODUCTION, MEASURED IN LB",0
WISCONSIN,55,CHIPPEWA,17,,MEASURED IN LB,0
WISCONSIN,55,CHIPPEWA,17,,"SUNFLOWER, OIL TYPE - PRODUCTION, MEASURED IN LB",0
WISCONSIN,55,WASHBURN,129,,MEASURED IN LB,0
WISCONSIN,55,WASHBURN,129,,"SUNFLOWER, OIL TYPE - PRODUCTION, MEASURED IN LB",0
WISCONSIN,55,COLUMBIA,21,,MEASURED IN LB,0
WISCONSIN,55,COLUMBIA,21,,"SUNFLOWER, OIL TYPE - PRODUCTION, MEASURED IN LB",0
WISCONSIN,55,DODGE,27,,MEASURED IN LB,0
WISCONSIN,55,DODGE,27,,"SUNFLOWER, OIL TYPE - PRODUCTION, MEASURED IN LB",0
WISCONSIN,55,ROCK,105,,MEASURED IN LB,0
WISCONSIN,55,ROCK,105,,"SUNFLOWER, OIL TYPE - PRODUCTION, MEASURED IN LB",0
WISCONSIN,55,MILWAUKEE,79,,MEASURED IN LB,300
WISCONSIN,55,MILWAUKEE,79,,"SUNFLOWER, OIL TYPE - PRODUCTION, MEASURED IN LB",300
WISCONSIN,55,RACINE,101,,MEASURED IN LB,0
WISCONSIN,55,RACINE,101,,"SUNFLOWER, OIL TYPE - PRODUCTION, MEASURED IN LB",0
WISCONSIN,55,WAUKESHA,133,,MEASURED IN LB,"55,100"
WISCONSIN,55,WAUKESHA,133,,"SUNFLOWER, OIL TYPE - PRODUCTION, MEASURED IN LB","55,100"
WISCONSIN,55,CRAWFORD,23,,MEASURED IN LB,0
WISCONSIN,55,CRAWFORD,23,,"SUNFLOWER, OIL TYPE - PRODUCTION, MEASURED IN LB",0
WISCONSIN,55,BUFFALO,11,,MEASURED IN LB,0
WISCONSIN,55,BUFFALO,11,,"SUNFLOWER, OIL TYPE - PRODUCTION, MEASURED IN LB",0
WISCONSIN,55,DUNN,33,,MEASURED IN LB,0
WISCONSIN,55,DUNN,33,,"SUNFLOWER, OIL TYPE - PRODUCTION, MEASURED IN LB",0
WYOMING,56,PARK,29,,MEASURED IN LB,0
WYOMING,56,PARK,29,,"SUNFLOWER, NON-OIL TYPE - PRODUCTION, MEASURED IN LB",0
WYOMING,56,PARK,29,,"SUNFLOWER, OIL TYPE - PRODUCTION, MEASURED IN LB",0
WYOMING,56,ALBANY,1,,MEASURED IN LB,0
WYOMING,56,ALBANY,1,,"SUNFLOWER, OIL TYPE - PRODUCTION, MEASURED IN LB",0
WYOMING,56,GOSHEN,15,,MEASURED IN LB,0
WYOMING,56,GOSHEN,15,,"SUNFLOWER, NON-OIL TYPE - PRODUCTION, MEASURED IN LB",0
WYOMING,56,GOSHEN,15,,"SUNFLOWER, OIL TYPE - PRODUCTION, MEASURED IN LB",0
WYOMING,56,LARAMIE,21,,MEASURED IN LB,"1,526,000"
WYOMING,56,LARAMIE,21,,"SUNFLOWER, NON-OIL TYPE - PRODUCTION, MEASURED IN LB","615,000"
WYOMING,56,LARAMIE,21,,"SUNFLOWER, OIL TYPE - PRODUCTION, MEASURED IN LB","911,000"